training_iteration,training_iteration_time_s,cumulative_training_hours
1,14.212487,0.003947913055555556
2,14.025461,0.007843874444444444
3,13.975669,0.011726004722222221
4,13.933166,0.015596328611111111
5,14.022465,0.019491457777777776
6,13.983197,0.023375679166666666
7,13.965049,0.027254859444444442
8,13.972372,0.03113607388888889
9,13.954494,0.03501232222222222
10,13.928245,0.038881279166666664
11,13.881064,0.04273713027777778
12,13.90062,0.04659841361111111
13,13.949806,0.05047335972222222
14,13.957902,0.054350554722222215
15,13.919188,0.058216995833333327
16,13.929415,0.062086277777777775
17,13.936607,0.0659575575
18,13.926105,0.06982592
19,13.930622,0.07369553722222223
20,13.951429000000001,0.07757093416666667
21,13.994626,0.08145833027777778
22,13.980803,0.08534188666666667
23,13.944085,0.0892152436111111
24,14.013992,0.09310801916666665
25,14.001477999999999,0.0969973186111111
26,14.003296,0.10088712305555554
27,14.000816,0.1047762386111111
28,13.991914000000001,0.10866288138888887
29,14.018807,0.11255699444444442
30,14.015063,0.11645006749999998
31,13.988515999999999,0.12033576638888888
32,13.979385,0.12421892888888886
33,13.969605,0.1280993747222222
34,13.891712,0.13195818361111109
35,13.902607,0.13582001888888887
36,13.928554,0.13968906166666664
37,13.958252,0.14356635388888886
38,13.959871999999999,0.1474440961111111
39,13.924935,0.1513121336111111
40,13.934736000000001,0.1551828936111111
41,13.923167,0.15905044000000002
42,13.925571,0.16291865416666668
43,13.922868000000001,0.1667861175
44,13.949503,0.17066097944444447
45,13.978565,0.17454391416666667
46,13.957435,0.17842097944444446
47,13.926661,0.18228949638888892
48,13.927099,0.186158135
49,13.923048000000001,0.19002564833333335
50,13.915009,0.19389092861111115
51,13.91226,0.1977554452777778
52,13.920111,0.2016221427777778
53,13.947274,0.20549638555555558
54,13.940245999999998,0.20936867611111112
55,13.912396000000001,0.2132332305555556
56,13.896502,0.21709337000000006
57,13.888917,0.22095140250000006
58,13.901219999999999,0.22481285250000005
59,13.922346,0.22868017083333336
60,13.930852999999999,0.23254985222222224
61,13.98193,0.23643372166666668
62,13.971577,0.2403147152777778
63,13.935051999999999,0.24418556305555558
64,13.925933,0.24805387777777782
65,13.907176,0.25191698222222225
66,13.906343000000001,0.2557798552777778
67,13.962984,0.2596584619444445
68,14.014541,0.26355139000000005
69,14.066886,0.2674588583333334
70,14.081932,0.2713705061111112
71,14.083350000000001,0.27528254777777783
72,14.098013000000002,0.2791986625000001
73,14.107661,0.2831174572222223
74,14.097987999999999,0.2870335650000001
75,14.078463,0.2909442491666668
76,14.079066000000001,0.29485510083333344
77,14.040197000000001,0.29875515555555565
78,13.996347,0.30264302972222235
79,13.923897,0.306510778888889
80,13.893681,0.3103701347222223
81,13.843394,0.3142155219444445
82,13.81917,0.3180541802777779
83,13.778651,0.32188158333333344
84,13.745798,0.32569986055555566
85,13.784552,0.3295289027777779
86,13.763047,0.333351971388889
87,13.724778,0.33716440972222234
88,13.689407,0.3409670227777779
89,13.703294,0.3447734933333334
90,13.670521,0.3485708602777779
91,13.649087999999999,0.35236227361111117
92,13.633433,0.3561493383333334
93,13.691079,0.3599524158333334
94,13.72884,0.36376598250000003
95,13.684359,0.3675671933333334
96,13.682364,0.37136785000000005
97,13.676887,0.37516698527777786
98,13.680681,0.37896717444444455
99,13.64282,0.38275684666666676
100,13.654632,0.3865498000000001
101,13.688932000000001,0.3903522811111112
102,13.702099,0.3941584197222224
103,13.643863999999999,0.39794838194444454
104,13.622481,0.4017324044444446
105,13.660328,0.4055269400000001
106,13.675347,0.40932564750000017
107,13.699047,0.4131309383333335
108,13.684566,0.4169322066666668
109,13.747861,0.4207510569444446
110,13.744049,0.42456884833333347
111,13.741854,0.42838603000000014
112,13.750119,0.43220550750000014
113,13.766343999999998,0.43602949194444457
114,13.76243,0.4398523891666668
115,13.736865,0.44366818500000016
116,13.740774,0.4474850666666669
117,13.775482,0.45131158944444466
118,13.788561,0.455141745277778
119,13.743189000000001,0.458959297777778
120,13.762148999999999,0.46278211694444465
121,13.748278,0.46660108305555575
122,13.748726000000001,0.4704201736111113
123,13.759977999999998,0.47424238972222243
124,13.789962,0.47807293472222245
125,13.830423000000001,0.48191471888888915
126,13.830531,0.48575653305555583
127,13.790452,0.48958721416666695
128,13.804824,0.49342188750000027
129,13.809372,0.4972578241666669
130,13.795463,0.5010898972222225
131,13.792895,0.5049212569444447
132,13.785110000000001,0.508750454166667
133,14.807307000000002,0.5128635950000003
134,15.982185,0.5173030908333336
135,17.128087,0.5220608927777781
136,18.303701,0.527145254166667
137,19.521454000000002,0.5325678802777781
138,20.692629,0.5383158327777781
139,21.876783,0.5443927169444447
140,23.100945,0.5508096461111114
141,24.278136999999997,0.5575535730555558
142,25.460434,0.5646259158333337
143,25.629841,0.5717453161111115
144,25.653475999999998,0.578871281666667
145,25.648999,0.5859960036111114
146,25.704998,0.5931362808333337
147,26.481825,0.6004923433333337
148,26.542996,0.6078653977777781
149,26.582951,0.6152495508333337
150,26.587668,0.622635014166667
151,26.622238000000003,0.6300300802777781
152,26.692443,0.6374446477777781
153,26.690052,0.6448585511111113
154,26.667958,0.6522663172222225
155,26.699101,0.659682734166667
156,26.693467000000002,0.6670975861111115
157,25.878164,0.6742859650000004
158,25.808498,0.6814549922222226
159,25.746843000000002,0.6886068930555559
160,25.739472000000003,0.6957567463888893
161,25.708008000000003,0.7028978597222226
162,25.624473000000002,0.7100157688888893
163,25.644557,0.7171392569444448
164,25.651133,0.724264571666667
165,25.637777,0.7313861763888893
166,25.618297,0.7385023700000003
167,25.662038,0.7456307138888891
168,25.710292000000003,0.752772461666667
169,25.780647000000002,0.7599337525000004
170,25.756027999999997,0.7670882047222225
171,25.809189,0.7742574238888892
172,25.850907,0.7814382313888892
173,25.835366999999998,0.7886147222222226
174,25.838351,0.7957920419444448
175,25.890161,0.8029837533333336
176,25.887224999999997,0.8101746491666669
177,25.893524000000003,0.8173672947222225
178,25.876314999999998,0.8245551600000003
179,25.877421,0.8317433325000003
180,25.912246,0.8389411786111114
181,25.900767,0.8461358361111114
182,25.915016,0.853334451666667
183,26.014614,0.8605607333333336
184,26.039172999999998,0.8677938369444448
185,26.007077000000002,0.8750180250000004
186,26.016074,0.8822447122222227
187,26.060246,0.8894836694444449
188,26.095993999999997,0.8967325566666671
189,26.142584,0.903994385555556
190,26.187632,0.9112687277777782
191,26.282128,0.9185693188888893
192,26.329781999999998,0.9258831472222225
193,26.313095,0.9331923402777781
194,26.332819999999998,0.9405070125000004
195,26.433643,0.9478496911111114
196,26.507512,0.9552128888888892
197,26.511731,0.9625772586111115
198,26.547268,0.9699514997222226
199,26.583723000000003,0.9773358672222227
200,26.612599,0.9847282558333337
201,26.592378,0.9921150275000004
202,26.656915,0.9995197261111115
203,26.677619999999997,1.0069301761111114
204,26.735881000000003,1.0143568097222226
205,26.723544,1.0217800163888893
206,26.767098999999998,1.029215321666667
207,26.780627,1.0366543847222227
208,26.806357,1.0441005950000004
209,26.80424,1.0515462172222225
210,26.853543000000002,1.0590055347222227
211,26.858012,1.0664660936111117
212,26.824189999999998,1.0739172575000004
213,26.828254,1.0813695502777783
214,26.919718,1.0888472497222226
215,26.948708,1.0963330019444448
216,26.992863,1.103831019444445
217,27.028412,1.1113389116666672
218,27.077936,1.118860560555556
219,27.095463,1.126387078055556
220,27.072927,1.133907335555556
221,27.109068999999998,1.1414376325000004
222,27.182814999999998,1.1489884144444449
223,27.223777,1.1565505747222227
224,27.153543000000003,1.1640932255555563
225,27.159936000000002,1.171637652222223
226,27.150197,1.1791793736111118
227,27.147748,1.186720414722223
228,27.132736,1.194257285833334
229,27.135991999999998,1.2017950613888895
230,27.224027999999997,1.2093572913888895
231,27.237119999999997,1.2169231580555562
232,27.21375,1.224482533055556
233,27.229871,1.2320463861111115
234,27.28211,1.2396247500000004
235,27.316054,1.247212542777778
236,27.312006,1.2547992111111115
237,27.37552,1.2624035222222225
238,27.449752,1.2700284533333337
239,27.476044,1.2776606877777783
240,27.482021,1.2852945825000004
241,27.543884,1.2929456613888892
242,27.581629,1.3006072250000003
243,27.621982,1.308279997777778
244,27.638728999999998,1.3159574225000004
245,27.716676,1.323656499166667
246,27.732632000000002,1.3313600080555559
247,27.756864,1.3390702480555559
248,27.730109,1.3467730561111115
249,27.807163,1.354497268055556
250,27.792851,1.362217504444445
251,27.815625,1.369944066944445
252,27.838073,1.3776768650000006
253,27.858849999999997,1.385415434444445
254,27.856328,1.3931533033333336
255,27.795203,1.400874193055556
256,27.800757,1.408596625555556
257,27.823078000000002,1.4163252583333337
258,27.840041,1.424058603055556
259,27.794325,1.4317792488888894
260,27.77725,1.4394951516666672
261,27.763619,1.447207268055556
262,27.766814,1.454920271944445
263,27.762327000000003,1.462632029444445
264,27.807368,1.4703562983333338
265,27.814805,1.478082633055556
266,27.830441999999998,1.4858133113888896
267,27.792938,1.493533571944445
268,27.820173,1.5012613977777782
269,27.827666,1.5089913050000006
270,27.846377,1.5167264097222228
271,27.841212,1.5244600797222227
272,27.859416,1.5321988063888896
273,27.845851,1.5399337650000007
274,27.79089,1.5476534566666673
275,27.803552,1.5553766655555563
276,27.828538,1.5631068150000007
277,27.836064999999998,1.5708390552777787
278,27.803069999999998,1.5785621302777786
279,27.796524,1.5862833869444455
280,27.810813999999997,1.5940086130555566
281,27.774826,1.601723842500001
282,27.733322,1.6094275430555565
283,27.754012,1.6171369908333344
284,27.763996,1.6248492119444455
285,27.74622,1.632556495277779
286,27.719096,1.6402562441666677
287,27.728360000000002,1.6479585663888898
288,27.735525000000003,1.6556628788888899
289,27.715923999999998,1.6633617466666677
290,27.69255,1.6710541216666677
291,27.746306,1.67876142888889
292,27.729722000000002,1.6864641294444453
293,27.72116,1.6941644516666676
294,27.749299,1.7018725902777787
295,27.784517,1.7095905116666676
296,27.778114000000002,1.7173066544444453
297,27.746949,1.7250141402777788
298,27.735539,1.7327184566666678
299,27.793588,1.7404388977777787
300,27.786965,1.7481574991666677
301,27.749028,1.755865562500001
302,27.764813999999998,1.7635780108333345
303,27.784402999999998,1.7712959005555566
304,27.745356,1.77900294388889
305,27.705059000000002,1.7866987936111123
306,27.688685,1.7943900950000011
307,27.722392,1.8020907594444455
308,27.723101,1.8097916208333342
309,27.700532,1.8174862130555565
310,27.745687999999998,1.825193348611112
311,27.730883000000002,1.8328963716666675
312,27.753662,1.8406057222222232
313,27.74482,1.8483126166666675
314,27.809054,1.85603735388889
315,27.814901000000003,1.8637637152777786
316,27.836397,1.8714960477777787
317,27.807553,1.8792203680555564
318,27.837563999999997,1.886953024722223
319,27.823985,1.8946819094444454
320,27.799057,1.9024038697222232
321,27.841974999999998,1.9101377516666678
322,27.961126,1.9179047311111121
323,27.941461,1.9256662480555566
324,27.901266,1.9334165997222235
325,27.929035,1.9411746650000012
326,28.012373,1.9489558797222233
327,28.043092,1.956745627500001
328,28.044491,1.9645357638888898
329,28.062339,1.9723308580555565
330,28.115080000000003,1.9801406025000008
331,28.13106,1.9879547858333342
332,28.030814999999997,1.9957411233333342
333,28.06076,2.0035357788888897
334,28.131505,2.0113500858333344
335,28.144418,2.0191679797222233
336,28.0817,2.026968451944445
337,28.149796,2.034787839722223
338,28.168598000000003,2.0426124502777787
339,28.20109,2.0504460863888894
340,28.190838,2.058276874722223
341,28.239105,2.0661210705555564
342,28.255941999999997,2.073969943333334
343,28.25245,2.081817846111112
344,28.223702,2.089657763333334
345,28.256221,2.0975067136111116
346,28.276508000000003,2.1053612991666673
347,28.231491000000002,2.1132033800000003
348,28.228068999999998,2.121044510277778
349,28.260809000000002,2.1288947350000003
350,28.249854,2.1367419166666672
351,28.214379,2.144579244166667
352,28.23157,2.1524213469444446
353,28.292821,2.1602804638888893
354,28.293734,2.1681398344444447
355,28.290027,2.175998175277778
356,28.303931000000002,2.1838603783333337
357,28.327868,2.191729230555556
358,28.322481,2.1995965863888896
359,28.275602,2.207450920277778
360,28.273512,2.2153046736111115
361,28.309059,2.2231683011111114
362,28.283572,2.2310248488888895
363,28.236446,2.2388683061111117
364,28.228921,2.246709673055556
365,28.240707999999998,2.254554314166667
366,28.237087,2.2623979494444453
367,28.236731,2.270241485833334
368,28.289192,2.278099594722223
369,28.311866000000002,2.285964001944445
370,28.308134,2.293827372500001
371,28.253733,2.3016756316666673
372,28.29877,2.309536401111112
373,28.276533999999998,2.3173909938888895
374,28.273326,2.3252446955555564
375,28.236205,2.333088085833334
376,28.260471000000003,2.3409382166666672
377,28.224134999999997,2.3487782541666675
378,28.182315,2.3566066750000005
379,28.153291,2.364427033611112
380,28.198220000000003,2.372259872500001
381,28.199643000000002,2.3800931066666675
382,28.147644,2.387911896666668
383,28.165373,2.39573561138889
384,28.20879,2.40357138638889
385,28.224592,2.4114115508333347
386,28.195241000000003,2.4192435622222233
387,28.205576,2.4270784444444455
388,28.235908,2.4349217522222237
389,28.242669999999997,2.442766938333335
390,28.300307,2.450628134722223
391,28.322407,2.4584954700000012
392,28.380223,2.466378865277779
393,28.375906,2.47426106138889
394,28.326613000000002,2.4821295650000006
395,28.346728,2.490003656111112
396,28.333828,2.49787416388889
397,28.476656,2.5057843461111124
398,28.606042000000002,2.5137304688888897
399,28.925414,2.521765306111112
400,29.312668000000002,2.52990771388889
401,29.954893,2.5382285175000012
402,30.645495999999998,2.5467411552777786
403,31.495675,2.5554899538888898
404,32.355118,2.5644774866666675
405,33.225319999999996,2.573706742222223
406,34.238752999999996,2.583217506944445
407,35.121858,2.5929735786111117
408,36.055685,2.602989046666667
409,36.901699,2.6132395186111115
410,37.624568,2.6236907875
411,38.134634,2.6342837413888893
412,38.65026,2.6450199247222224
413,39.050771,2.6558673611111114
414,39.417228,2.6668165911111115
415,39.779127,2.6778663486111114
416,40.014007,2.6889813505555558
417,40.279942999999996,2.7001702236111114
418,40.402345000000004,2.7113930972222224
419,40.475479,2.722636285833334
420,40.523661999999995,2.7338928586111115
421,40.576459,2.7451640972222227
422,40.580911,2.7564365725
423,40.546268,2.767699424722222
424,40.564025,2.7789672094444446
425,40.5216,2.7902232094444446
426,40.510332000000005,2.8014760794444444
427,40.473047,2.8127185925
428,40.462904,2.8239582880555556
429,40.493629999999996,2.8352065186111113
430,40.441306,2.8464402147222225
431,40.452639000000005,2.857677058888889
432,40.457866,2.8689153550000004
433,40.489078,2.8801623211111114
434,40.515252999999994,2.891416558055556
435,40.507512000000006,2.9026686447222225
436,40.522318,2.9139248441666665
437,40.527497000000004,2.925182482222222
438,40.542449,2.936444273611111
439,40.577885,2.9477159083333335
440,40.619311,2.958999050277778
441,40.63322,2.9702860558333337
442,40.631259,2.9815725166666667
443,40.614578,2.9928543438888893
444,40.613881,3.0041359775000003
445,40.650836000000005,3.0154278763888893
446,40.65383,3.0267206069444446
447,40.66934,3.0380176458333334
448,40.689484,3.049320280277778
449,40.676866000000004,3.0606194097222224
450,40.678279,3.0719189316666666
451,40.704004999999995,3.083225599722222
452,40.684155,3.094526753888889
453,40.706851,3.1058342125000005
454,40.739591999999995,3.1171507658333337
455,40.752019999999995,3.1284707713888893
456,40.808498,3.139806465277778
457,40.809245000000004,3.1511423666666674
458,40.843691,3.1624878363888898
459,40.863189,3.173838722222223
460,40.892146999999994,3.185197651944445
461,40.951864,3.1965731697222233
462,40.998781,3.207961720000001
463,41.096144,3.219377315555556
464,41.099892,3.230793952222223
465,41.205756,3.2422399955555563
466,41.249856,3.2536982888888897
467,41.284991000000005,3.2651663419444454
468,41.354226000000004,3.2766536269444453
469,41.362550999999996,3.288143224444445
470,41.422323,3.299649425277779
471,41.455473,3.3111648344444453
472,41.50950099999999,3.32269525138889
473,41.523851,3.3342296544444454
474,41.552356,3.345771975555557
475,41.531903,3.3573086152777787
476,41.565528,3.3688545952777784
477,41.593247000000005,3.3804082750000006
478,41.619845999999995,3.391969343333334
479,41.631135,3.4035335475000004
480,41.665326,3.415107249166667
481,41.646302000000006,3.4266756663888893
482,41.641791,3.438242830555556
483,41.66603,3.4498167277777783
484,41.682114999999996,3.461395093055556
485,41.714422,3.4729824325000003
486,41.681352,3.4845605858333335
487,41.683328,3.4961392880555553
488,41.732845999999995,3.507731745277778
489,41.759996,3.5193317441666667
490,41.765678,3.530933321388889
491,41.756651,3.542532391111111
492,41.754906999999996,3.554130976388889
493,41.742798,3.5657261980555557
494,41.752480000000006,3.5773241091666663
495,41.748233,3.5889208405555553
496,41.766028,3.6005225149999998
497,41.81095,3.6121366677777775
498,41.733087,3.6237291919444443
499,41.722722000000005,3.6353188369444442
500,41.749809,3.646916006111111
501,41.762786999999996,3.6585167802777776
502,41.821503,3.6701338644444443
503,41.800577,3.6817451358333333
504,41.864537,3.6933741738888886
505,41.915395,3.705017339166666
506,41.908548,3.7166586024999995
507,41.905322,3.7282989697222217
508,41.889513,3.739934945555555
509,41.905383,3.751575329722222
510,41.923495,3.763220745
511,41.950627,3.7748736969444443
512,41.919501,3.7865180027777776
513,41.909440000000004,3.7981595138888884
514,41.883425,3.809793798611111
515,41.806023,3.8214065827777772
516,41.810383,3.833020578055555
517,41.835744,3.844641618055555
518,41.851883,3.8562671411111102
519,41.903031000000006,3.867906871944444
520,41.829435,3.8795261594444437
521,41.80536,3.8911387594444435
522,41.807476,3.9027519472222214
523,41.813224999999996,3.9143667319444435
524,41.810836,3.925980853055555
525,41.805937,3.9375936133333322
526,41.84076,3.9492160466666655
527,41.791112999999996,3.960824689166665
528,41.794836000000004,3.972434365833332
529,41.791982000000004,3.984043249722221
530,41.821895,3.995660442777776
531,41.875191,4.007292440277776
532,41.895235,4.0189300055555535
533,41.898763,4.0305685508333315
534,41.921681,4.04221346222222
535,41.912803,4.053855907499997
536,41.908233,4.065497083333331
537,41.909387,4.07713857972222
538,41.908725,4.088779892222219
539,41.896184999999996,4.100417721388887
540,41.888614000000004,4.1120534474999975
541,41.908626,4.123694732499997
542,41.907371,4.135335668888886
543,41.952783000000004,4.14698921972222
544,41.928306,4.158635971388886
545,41.972438000000004,4.1702949819444415
546,41.997592,4.18196097972222
547,42.004619,4.193628929444442
548,42.063621,4.205313268611108
549,42.044775,4.216992372777775
550,42.039819,4.228670100277775
551,42.031915,4.240345632222219
552,42.020258999999996,4.252017926388886
553,42.031459999999996,4.263693331944442
554,42.002888,4.27536080083333
555,41.997071000000005,4.287026653888886
556,41.981260999999996,4.298688115277775
557,41.983076000000004,4.310350080833331
558,41.962683,4.3220063816666645
559,41.95794,4.3336613649999975
560,41.980899,4.345322725833331
561,41.923578,4.356968164166664
562,41.885141000000004,4.368602925555553
563,41.857299,4.3802299530555535
564,41.842684999999996,4.391852921111108
565,41.847196000000004,4.40347714222222
566,41.787148,4.415084683333331
567,41.743303,4.4266800452777755
568,41.723594,4.438269932499997
569,41.744355999999996,4.4498655869444415
570,41.685192,4.461444806944441
571,41.703196000000005,4.473029028055553
572,41.962877999999996,4.484685383055552
573,42.54608,4.496503738611109
574,43.459849999999996,4.508575919166664
575,44.314204,4.520885420277775
576,45.03924,4.533396320277775
577,45.039832000000004,4.545907384722219
578,44.990616,4.558404778055553
579,44.920597,4.570882721666663
580,44.902875,4.583355742499997
581,44.883749,4.595823450555553
582,44.6024,4.608213006111108
583,43.998466,4.62043480222222
584,43.198726,4.63243444833333
585,42.419163999999995,4.644217549444441
586,41.936028,4.655866446111108
587,42.115646,4.667565236666663
588,42.274234,4.679308079444441
589,42.410751,4.691088843611108
590,42.463500999999994,4.702884260555551
591,42.401931,4.714662574722218
592,42.425976999999996,4.726447568333329
593,42.643988,4.738293120555551
594,42.788517999999996,4.750178819999996
595,43.020430999999995,4.762128939722218
596,43.094521,4.774099639999996
597,43.351027,4.786141591944441
598,43.449949999999994,4.798211022499996
599,43.464973,4.810284626111106
600,43.678231,4.822417468055551
601,43.855356,4.834599511388885
602,43.958779,4.846810283333329
603,43.815725,4.858981318055552
604,43.640632,4.871103715833329
605,43.306834,4.8831333919444395
606,42.985681,4.895073858888884
607,42.541495000000005,4.906890940833328
608,42.416872000000005,4.918673405277773
609,42.544569,4.930491341111107
610,42.510212,4.942299733333329
611,42.382895,4.9540727597222185
612,42.353599,4.965837648333329
613,42.251456,4.977574163888885
614,42.300962,4.989324431111108
615,42.573108999999995,5.001150294722219
616,42.791050000000006,5.013036697499997
617,43.008409,5.0249834777777735
618,43.081158,5.036950466111107
619,42.966785,5.048885684166663
620,42.942607,5.060814186111108
621,43.113538,5.072790168888886
622,43.255547,5.0848055986111085
623,43.466848,5.096879723055553
624,43.505643,5.108964623888887
625,43.356882,5.121008202222219
626,43.392813000000004,5.133061761388886
627,43.541873,5.145156726111107
628,43.558366,5.157256272222219
629,43.658034,5.169383503888886
630,43.75725,5.181538295555552
631,43.7794,5.193699239999996
632,43.787735,5.205862499722219
633,43.776736,5.218022704166663
634,43.80554,5.23019090972222
635,43.949857,5.24239920333333
636,43.934936,5.25460335222222
637,43.813416,5.266773745555553
638,43.9195,5.278973606666664
639,43.993535,5.291194033055554
640,44.140215,5.303455203888887
641,44.649667,5.315857889166665
642,44.629699,5.328255027777776
643,44.712066,5.34067504611111
644,44.86516,5.353137590555554
645,44.852137,5.365596517499999
646,44.849086,5.378054596944443
647,44.802951,5.390499861111111
648,44.765235999999994,5.402934648888888
649,44.729723,5.415359571944443
650,44.629635,5.427756692777777
651,44.242098,5.4400461644444436
652,44.253215,5.452338724166666
653,44.277629,5.464638065555555
654,44.169393,5.4769073413888885
655,44.130537,5.4891658238888885
656,44.161984,5.501433041666666
657,44.254599,5.513725985833332
658,44.237872,5.526014283611111
659,44.210716,5.538295038055556
660,44.159966,5.550561695277778
661,44.291391000000004,5.562864859444444
662,44.79792,5.5753087261111105
663,45.408337,5.587922153055556
664,46.089028,5.6007246608333325
665,47.049441,5.613793949999999
666,47.99429,5.627125697222221
667,49.076935,5.640758179166666
668,50.168101,5.654693762777777
669,51.215548999999996,5.668920304166666
670,52.435029,5.683485589999999
671,53.407393,5.698320976944444
672,54.113485,5.713352500555556
673,54.629160000000006,5.728527267222223
674,55.270549,5.7438801975
675,55.520547,5.759302571666667
676,55.826969,5.774810063055557
677,55.949538000000004,5.79035160138889
678,56.247944000000004,5.805976030277779
679,56.406857,5.821644601666668
680,56.523617,5.83734560638889
681,56.582682,5.853063018055557
682,56.614779000000006,5.868789345555556
683,56.660683,5.884528424166667
684,56.52451799999999,5.900229679166666
685,56.522597000000005,5.915930400555555
686,56.471678999999995,5.931616978055555
687,56.485932,5.947307514722222
688,56.171253,5.962910640555555
689,56.090765,5.97849140861111
690,55.891988,5.994016960833332
691,55.86777,6.009535785833333
692,55.85696,6.025051608055556
693,55.848528,6.040565088055555
694,56.017832000000006,6.056125596944444
695,56.003388,6.071682093611111
696,55.87334,6.087202465833333
697,55.851739,6.102716837777778
698,55.978945,6.118266544722222
699,56.028779,6.133830094444444
700,56.096564,6.149412473333333
701,55.997412,6.16496731
702,56.025928,6.180530067777777
703,56.548516000000006,6.196237988888888
704,56.371947999999996,6.211896863333332
705,56.354529,6.227550899166666
706,56.393952,6.243215885833332
707,56.386936999999996,6.258878923888887
708,56.325683,6.274524946944443
709,56.401970999999996,6.29019216111111
710,56.36576,6.305849316666665
711,56.501561,6.321544194722221
712,56.463754,6.337228570833332
713,55.88603500000001,6.352752469444443
714,55.920238,6.368285868888887
715,56.029458,6.383849607222221
716,56.164372,6.399450821666665
717,56.158822,6.4150504944444435
718,56.298038999999996,6.43068883861111
719,56.326598,6.446335115833333
720,56.439502,6.462012755277777
721,56.384686,6.477675168055555
722,56.448067,6.493355186666666
723,56.510833,6.509052640277778
724,56.689716999999995,6.52479978388889
725,56.692578999999995,6.5405477224999995
726,56.773716,6.556318199166666
727,56.895841999999995,6.572122599722222
728,56.877416,6.587921881944444
729,56.928473,6.603735346666666
730,56.972434,6.619561022777778
731,57.182319,6.635445000277778
732,57.160804,6.651323001388889
733,57.301769,6.667240159444445
734,57.182856,6.683124286111111
735,57.238856,6.699023968333333
736,57.273248,6.714933203888889
737,57.334911,6.730859568055556
738,57.362259,6.74679352888889
739,57.363642999999996,6.762727874166668
740,57.346227,6.778657381666667
741,57.387373,6.794598318611112
742,57.551610000000004,6.8105848769444455
743,57.480712,6.82655174138889
744,57.55985,6.842540588611112
745,57.576269999999994,6.858533996944446
746,57.581965,6.874528987222225
747,57.53536,6.890511031666669
748,57.48585,6.906479323333336
749,57.246943,6.922381251944446
750,56.95247,6.938201382500003
751,56.593985,6.953921933888891
752,56.24803,6.969546386666669
753,56.048619,6.985115447500002
754,55.768454,7.000606684722225
755,55.522718,7.016029661944446
756,55.227129999999995,7.031370531388891
757,54.953702,7.046635448611113
758,54.841686,7.06186925027778
759,54.837726,7.077101951944447
760,54.947443,7.092365130555558
761,54.9483,7.107628547222225
762,55.053154,7.122921090000003
763,55.053625,7.138213763611114
764,55.120286,7.15352495416667
765,55.162327,7.1688478227777805
766,55.151601,7.184167711944448
767,55.22507100000001,7.199508009444448
768,55.211021,7.21484440416667
769,55.26931,7.230196990277781
770,55.221646,7.245536336388892
771,55.276539,7.260890930555559
772,55.236045,7.276234276388893
773,55.274708,7.291588361944449
774,55.238330000000005,7.306932342500004
775,55.25778,7.322281725833337
776,55.329803,7.33765111555556
777,55.315648,7.3530165733333375
778,55.326755,7.368385116388892
779,55.236987,7.3837287238888925
780,55.231796,7.399070889444448
781,55.17414,7.414397039444448
782,55.185281,7.429726284166669
783,55.163027,7.445049347222224
784,55.164437,7.460372801944446
785,55.127998,7.475686134722224
786,55.076980000000006,7.490985295833336
787,55.070874,7.5062827608333365
788,55.020008000000004,7.5215660963888915
789,55.071404,7.536863708611113
790,55.071502,7.552161348055558
791,55.101697,7.567467375000001
792,55.109138,7.58277546888889
793,55.203306,7.598109720555557
794,55.236683,7.613453243611112
795,55.218328,7.628791668055556
796,55.263827,7.644142731111112
797,55.229468999999995,7.659484250277779
798,55.269892,7.674836998055556
799,55.251249,7.690184567222223
800,55.274559,7.70553861138889
801,55.245338000000004,7.720884538611113
802,55.234839,7.736227549444447
803,55.158325,7.751549306388891
804,55.109666,7.766857546944447
805,55.158212,7.782179272500001
806,55.311161,7.797543483888891
807,55.672363,7.813008029166669
808,55.896004999999995,7.828534697222224
809,56.231848,7.844154655000002
810,56.523357000000004,7.859855587500002
811,56.896332,7.875660124166668
812,57.259391,7.891565510555557
813,57.501724,7.907538211666669
814,57.785864000000004,7.923589840555558
815,58.140729,7.939740043055558
816,58.265617,7.955924936666669
817,58.368728000000004,7.972138472222225
818,58.531926,7.988397340555558
819,58.492357000000005,8.004645217500002
820,58.546189,8.02090804777778
821,58.520688,8.037163794444448
822,58.561473,8.053430870277781
823,58.663817,8.069726375000004
824,58.704711,8.08603323916667
825,58.619367,8.10231639666667
826,58.637038999999994,8.118604463055558
827,58.463646999999995,8.134844365000003
828,58.377345999999996,8.151060294444449
829,58.417145,8.16728727916667
830,58.357811999999996,8.183497782500003
831,58.435211,8.199729785555558
832,58.353080999999996,8.215938974722226
833,58.216622,8.232110258611113
834,58.235902,8.248286898055559
835,58.291306,8.264478927500003
836,58.318872999999996,8.280678614444447
837,58.388874,8.296897746111114
838,58.536049,8.313157759722225
839,59.01098,8.329549698611114
840,59.132504,8.34597539416667
841,59.131963000000006,8.362400939444447
842,59.150866,8.378831735555558
843,59.367122,8.39532260277778
844,59.386462,8.411818842222225
845,59.392084000000004,8.428316643333336
846,59.412743999999996,8.444820183333336
847,59.446435,8.461333081944447
848,59.256514,8.477793224722225
849,58.834972,8.494136272500002
850,58.90542,8.51049888916667
851,58.897999000000006,8.526859444444447
852,58.857882,8.543208856111114
853,58.815075,8.559546376944446
854,58.849905,8.57589357277778
855,58.780787,8.59222156916667
856,58.800942000000006,8.608555164166669
857,58.835699,8.624898413888891
858,58.95515,8.641274844444448
859,59.119103,8.657696817500003
860,58.974116,8.674078516388892
861,58.86671,8.69043038027778
862,58.889423,8.706788553333336
863,58.809509,8.723124528055559
864,58.826,8.739465083611114
865,58.984523,8.755849673333337
866,58.988012000000005,8.772235232222226
867,59.076485999999996,8.788645367222227
868,59.063684,8.805051946111115
869,59.033654000000006,8.821450183333337
870,59.006003,8.837840739722225
871,58.970855,8.854221532777782
872,58.722819,8.870533426944448
873,58.414262,8.886759610833336
874,58.055175000000006,8.902886048333336
875,57.634243999999995,8.918895560555558
876,57.255174,8.93479977555556
877,56.805072,8.950578962222226
878,56.441579,8.966257178611114
879,55.986605000000004,8.981809013333336
880,55.719807,8.997286737500003
881,55.463789,9.012693345555558
882,55.424433,9.028089021388892
883,55.42951600000001,9.04348610916667
884,55.456669000000005,9.058890739444447
885,55.456264000000004,9.074295257222225
886,55.517039,9.089716656944447
887,55.519142,9.105138640833337
888,55.562315999999996,9.120572617500004
889,55.534508,9.135998869722226
890,55.580082000000004,9.151437781388893
891,55.647544,9.166895432500002
892,55.619036,9.182345164722225
893,55.666250999999995,9.197808012222225
894,55.681042,9.213274968333335
895,55.836439,9.228785090277778
896,55.788856,9.244281994722224
897,55.801675,9.259782460000002
898,55.753137,9.2752694425
899,55.866178,9.290787825277778
900,56.036097,9.306353407777777
901,56.231365,9.321973231388888
902,56.516237999999994,9.337672186388888
903,56.699278,9.353421985833332
904,56.931028,9.369236160277776
905,57.018266000000004,9.385074567499998
906,57.275425000000006,9.400984407777775
907,57.41860500000001,9.416934020277775
908,57.708519,9.432964164444442
909,57.833832,9.449029117777775
910,57.822706,9.465090980555551
911,57.889027999999996,9.481171266111106
912,57.773565000000005,9.497219478611107
913,57.759633,9.513263821111108
914,57.674102,9.529284404999997
915,57.673379000000004,9.545304788055551
916,57.724635,9.561339408888886
917,57.773877999999996,9.57738770833333
918,58.137921999999996,9.593537131111107
919,58.050958,9.609662397222218
920,58.151199,9.625815508055553
921,57.919769,9.641904332777774
922,57.904317000000006,9.657988865277774
923,57.720658,9.674022381388886
924,57.549901,9.690008464999996
925,57.309498,9.705927769999997
926,57.143802,9.72180104833333
927,57.247711,9.737703190277776
928,57.004578,9.753537795277774
929,57.632595,9.769546849444442
930,58.134055000000004,9.785695198055555
931,59.109243,9.80211443222222
932,60.062032,9.818798329999998
933,61.139245,9.835781453611109
934,62.326398,9.853094341944441
935,63.546451999999995,9.870746134166664
936,64.639797,9.888701633333332
937,65.57191499999999,9.906916054166667
938,66.478673,9.92538235222222
939,66.94136999999999,9.943977177222221
940,67.349959,9.962685499166666
941,67.813452,9.981522569166666
942,68.020804,10.000417236944443
943,68.155637,10.019349358333333
944,68.271089,10.038313549722222
945,68.34598,10.057298544166667
946,68.337182,10.076281094722223
947,68.327913,10.095261070555557
948,68.276849,10.114226861944445
949,68.287581,10.133195634444444
950,68.28107000000001,10.152162598333334
951,68.044575,10.171063869166666
952,68.10013599999999,10.18998057361111
953,68.135,10.2089069625
954,68.061581,10.227812957222223
955,67.96771700000001,10.246692878611112
956,67.955319,10.265569356111113
957,68.25785099999999,10.28452987027778
958,68.241498,10.303485841944447
959,68.21550199999999,10.322434592500002
960,68.177438,10.341372769722224
961,68.13369800000001,10.360298796944447
962,68.002962,10.379188508611112
963,67.989379,10.398074447222223
964,67.952123,10.416950036944446
965,67.966808,10.435829705833335
966,67.958202,10.454706984166668
967,67.56296400000001,10.473474474166666
968,67.52959,10.492232693611111
969,67.513884,10.510986550277778
970,67.539468,10.529747513611111
971,67.503259,10.548498418888888
972,67.532307,10.567257393055556
973,67.561409,10.586024451111111
974,67.55803999999999,10.604790573333336
975,67.58427999999999,10.623563984444447
976,67.638073,10.64235233805556
977,67.701558,10.661158326388891
978,67.811282,10.679994793611115
979,67.854084,10.698843150277781
980,67.915718,10.717708627500002
981,67.93827,10.736580369166669
982,67.94871099999999,10.755455011111113
983,67.947846,10.77432941277778
984,68.021202,10.793224191111115
985,68.065706,10.81213133166667
986,68.11047900000001,10.83105090916667
987,68.13194100000001,10.849976448333338
988,68.13187699999999,10.868901969722227
989,68.15329200000001,10.887833439722227
990,68.170665,10.90676973555556
991,68.217732,10.92571910555556
992,68.23089200000001,10.944672131111114
993,68.220602,10.963622298333338
994,68.218265,10.982571816388894
995,68.206452,11.001518053055559
996,68.194079,11.020460852777783
997,68.197599,11.039404630277781
998,68.16492,11.058339330277782
999,68.180304,11.077278303611116
1000,68.193866,11.096221044166672
1001,68.157144,11.115153584166672
1002,68.119895,11.134075777222229
1003,68.072967,11.152984934722229
1004,68.004151,11.171874976666674
1005,67.948209,11.190749479166673
1006,67.93428999999999,11.209620115277783
1007,67.898227,11.228480733888894
1008,67.877792,11.247335676111117
1009,67.837732,11.266179490555562
1010,68.192244,11.28512178055556
1011,68.19342200000001,11.30406439777778
1012,69.90572900000001,11.323482655833336
1013,72.616667,11.343653952222226
1014,76.297759,11.364847774166671
1015,76.31826099999999,11.386047291111115
1016,76.260852,11.407230861111115
1017,76.284858,11.428421099444448
1018,76.288584,11.449612372777782
1019,76.27282000000001,11.470799267222226
1020,75.868599,11.491873878055559
1021,75.847144,11.51294252916667
1022,75.384046,11.533882541944449
1023,73.088555,11.554184918333338
1024,70.189849,11.573682098611116
1025,70.93356,11.593385865277781
1026,70.908734,11.613082735833336
1027,71.502887,11.632944648888893
1028,71.40695299999999,11.652779913611115
1029,71.43310799999999,11.672622443611115
1030,72.095315,11.692648920000002
1031,72.90870699999999,11.712901338611115
1032,72.465299,11.733030588333337
1033,73.46280100000001,11.753436921944449
1034,73.46480700000001,11.77384381277778
1035,75.067196,11.79469581166667
1036,75.77121799999999,11.815743372222228
1037,76.773377,11.837069310277782
1038,78.221373,11.858797469444449
1039,79.116413,11.880774250833339
1040,78.972418,11.902711033611116
1041,78.24236900000001,11.924445025000004
1042,79.028859,11.946397485833337
1043,79.02157399999999,11.968347923055559
1044,78.310904,11.990100951944447
1045,77.118217,12.011522678888893
1046,79.294543,12.033548940833338
1047,77.710484,12.055135186388895
1048,76.43113000000001,12.076366055833338
1049,76.16197,12.097522158611117
1050,76.899648,12.11888317194445
1051,78.04686699999999,12.140562857222227
1052,76.520375,12.161818516944448
1053,75.503872,12.182791814722227
1054,75.755891,12.203835117777782
1055,75.12165700000001,12.224702244722227
1056,74.342456,12.245352926944449
1057,76.697026,12.266657656388894
1058,76.745181,12.287975762222228
1059,76.20809,12.309144676111117
1060,76.31361199999999,12.330342901666672
1061,79.230856,12.352351472777784
1062,79.30189200000001,12.374379776111118
1063,79.444595,12.396447719166673
1064,79.31737,12.41848032194445
1065,79.85365300000001,12.440661892222227
1066,78.50522199999999,12.462468898333338
1067,76.928886,12.483838033333338
1068,78.088189,12.505529196944451
1069,79.319721,12.527562452777783
1070,78.136538,12.549267046666673
1071,74.935423,12.57008244194445
1072,75.07494100000001,12.590936592222228
1073,75.756935,12.611980185277783
1074,75.759338,12.633024445833339
1075,74.859863,12.653818852222228
1076,75.567334,12.674809778333339
1077,74.898057,12.695614794166671
1078,74.021671,12.716176369444451
1079,73.508904,12.73659550944445
1080,74.50325699999999,12.757290858611116
1081,75.24821,12.778193139166671
1082,75.88359799999999,12.799271916388895
1083,74.76000599999999,12.820038584722226
1084,74.720833,12.84079437166667
1085,76.860344,12.862144467222226
1086,77.26316800000001,12.883606458333336
1087,77.29653200000001,12.905077717222225
1088,77.013084,12.926470240555558
1089,76.313642,12.947668474444448
1090,75.23507000000001,12.968567105000004
1091,75.289513,12.989480858611117
1092,74.945105,13.010298943333337
1093,74.967227,13.03112317305556
1094,74.991446,13.051954130277782
1095,73.023297,13.07223837944445
1096,71.29097900000001,13.09204142916667
1097,71.30002,13.111846990277783
1098,71.271372,13.131644593611117
1099,71.28138700000001,13.151444978888895
1100,71.259787,13.171239364166674
1101,69.64393399999999,13.190584901388895
1102,69.191549,13.209804776111119
1103,69.15355199999999,13.22901409611112
1104,69.072201,13.24820081861112
1105,68.82826700000001,13.267319781666675
1106,68.79010000000001,13.286428142777787
1107,68.715391,13.305515751388896
1108,68.6828,13.324594306944453
1109,68.61353100000001,13.34365362111112
1110,68.60397400000001,13.362710280555564
1111,68.629021,13.38177389750001
1112,68.607853,13.400831634444453
1113,68.638698,13.419897939444454
1114,68.643371,13.438965542500009
1115,68.655363,13.458036476666676
1116,68.71694199999999,13.47712451611112
1117,68.66990799999999,13.496199490555565
1118,68.692848,13.515280837222232
1119,68.729989,13.534372500833342
1120,68.762317,13.553473144444453
1121,68.70952,13.57255912222223
1122,68.714977,13.591646615833342
1123,68.732874,13.610739080833342
1124,68.69918700000001,13.629822188333343
1125,68.714165,13.648909456388898
1126,68.701476,13.66799319972223
1127,68.747417,13.687089704444453
1128,68.76367,13.706190723888897
1129,68.77626,13.725295240555564
1130,68.819442,13.74441175222223
1131,68.867904,13.763541725555564
1132,68.88573,13.782676650555564
1133,68.898273,13.80181505972223
1134,68.94763,13.820967179166676
1135,68.970833,13.840125743888898
1136,69.035099,13.859302160277787
1137,69.06884600000001,13.878487950833343
1138,69.12456200000001,13.897689218055564
1139,69.153583,13.916898546666674
1140,69.130182,13.936101375000009
1141,69.134636,13.955305440555565
1142,69.185962,13.974523763333343
1143,69.21073200000001,13.993748966666677
1144,69.271042,14.012990922777789
1145,69.309635,14.032243599166677
1146,69.34707,14.051506674166678
1147,69.399442,14.070784296944455
1148,69.453141,14.090076836111121
1149,69.520871,14.109388189166678
1150,69.58699,14.128717908611122
1151,69.63025599999999,14.1480596463889
1152,69.672529,14.167413126666679
1153,69.720944,14.186780055555568
1154,69.700711,14.206141364166678
1155,69.718357,14.225507574444455
1156,69.706276,14.244870428888898
1157,69.676901,14.264225123611121
1158,69.67089999999999,14.283578151388898
1159,69.65577,14.302926976388896
1160,69.65530899999999,14.322275673333342
1161,69.64657799999999,14.341621945000009
1162,69.614515,14.360959310277787
1163,69.598908,14.380292340277787
1164,69.626205,14.399632952777786
1165,69.602655,14.41896702361112
1166,69.60791800000001,14.438302556388898
1167,69.633968,14.457645325277788
1168,69.64673699999999,14.476991641111121
1169,69.61501200000001,14.496329144444456
1170,69.596331,14.515661458611122
1171,69.604708,14.534996099722234
1172,69.645573,14.554342092222234
1173,69.654011,14.573690428611123
1174,69.643929,14.593035964444455
1175,69.68683100000001,14.61239341750001
1176,69.680671,14.631749159444455
1177,69.63474400000001,14.651092143888901
1178,69.564635,14.670415653611125
1179,69.555977,14.689736758333346
1180,69.54315700000001,14.709054301944459
1181,69.568278,14.728378823611125
1182,69.51584,14.74768877916668
1183,69.53560300000001,14.767004224444458
1184,69.529083,14.786317858611124
1185,69.51906,14.805628708611124
1186,69.52339900000001,14.8249407638889
1187,69.561428,14.84426338277779
1188,69.52394,14.863575588333346
1189,69.596599,14.882907976944455
1190,69.861943,14.902314072222234
1191,70.192347,14.9218119463889
1192,70.556283,14.9414109138889
1193,70.967597,14.961124135277789
1194,71.545904,14.98099799750001
1195,72.214781,15.0010576588889
1196,72.93266899999999,15.021316733611123
1197,73.774816,15.041809738055568
1198,74.77170600000001,15.0625796563889
1199,75.83523,15.083644998055567
1200,76.723467,15.104957072222234
1201,77.544239,15.126497138611123
1202,78.30237699999999,15.148247798888901
1203,78.998942,15.170191949444456
1204,79.522418,15.192281510000011
1205,79.906091,15.2144776463889
1206,80.253772,15.236770360833344
1207,80.503199,15.259132360555565
1208,80.61134600000001,15.28152440111112
1209,80.58164500000001,15.303908191388897
1210,80.48389999999999,15.326264830277786
1211,80.355455,15.348585790000007
1212,80.290931,15.370888826388898
1213,80.207842,15.393168782500009
1214,80.198485,15.415446139444454
1215,80.211473,15.437727104166678
1216,80.23825,15.460015506944455
1217,80.159477,15.482282028333344
1218,80.15089,15.504546164444456
1219,80.11832000000001,15.526801253333344
1220,80.116736,15.549055902222234
1221,80.145646,15.571318581666677
1222,80.118163,15.593573626944455
1223,80.113806,15.615827461944455
1224,80.00567600000001,15.638051260833345
1225,79.936833,15.660255936666678
1226,79.851822,15.682436998333344
1227,79.89864299999999,15.704631065833343
1228,79.870017,15.726817181666677
1229,79.804519,15.74898510361112
1230,79.722952,15.771130368055564
1231,79.695583,15.793268030000009
1232,79.679168,15.815401132222233
1233,80.284758,15.8377024538889
1234,80.32394000000001,15.860014659444456
1235,80.29675999999999,15.88231931500001
1236,80.256611,15.904612818055565
1237,80.16609299999999,15.926881177222231
1238,80.14961,15.949144957777788
1239,80.173874,15.971415478333343
1240,80.221017,15.993699094166677
1241,80.21646199999999,16.015981444722232
1242,80.21413000000001,16.03826314750001
1243,79.554396,16.06036159083334
1244,79.59181699999999,16.0824704288889
1245,79.612716,16.104585072222232
1246,79.67260300000001,16.126716350833345
1247,79.737397,16.148865627777788
1248,79.763995,16.171022293055564
1249,79.75828999999999,16.19317737361112
1250,79.736649,16.215326442777787
1251,79.76525500000001,16.237483458055564
1252,79.784713,16.25964587833334
1253,79.82840399999999,16.281820435000007
1254,79.816372,16.303991649444452
1255,79.839951,16.326169413611122
1256,79.886139,16.34836000777779
1257,79.890303,16.37055175861112
1258,79.91422299999999,16.392750153888898
1259,80.03024,16.414980776111122
1260,80.13692900000001,16.437241034166675
1261,80.210882,16.45952183472223
1262,80.296163,16.481826324444455
1263,80.396679,16.504158735277787
1264,80.454965,16.526507336666675
1265,80.50828,16.548870747777787
1266,80.513154,16.571235512777786
1267,80.608048,16.593626637222233
1268,80.65689,16.616031328888898
1269,80.635525,16.638430085833342
1270,80.606556,16.66082079583334
1271,80.57956,16.68320400694445
1272,80.56453599999999,16.70558304472223
1273,80.505552,16.727945698055564
1274,80.497353,16.750306073888897
1275,80.492717,16.772665161944452
1276,80.441779,16.79501010055556
1277,80.445264,16.81735600722223
1278,80.429428,16.839697515000008
1279,80.435705,16.862040766388898
1280,80.477085,16.88439551222223
1281,80.46246799999999,16.906746197777785
1282,80.48788400000001,16.92910394333334
1283,80.464805,16.951455278055565
1284,80.513222,16.973820061944455
1285,80.524064,16.99618785750001
1286,80.599788,17.01857668750001
1287,80.601695,17.04096604722223
1288,80.603879,17.06335601361112
1289,80.56971899999999,17.08573649111112
1290,80.49250599999999,17.108095520555565
1291,80.51702,17.130461359444453
1292,80.435098,17.152804442222234
1293,80.431158,17.175146430555568
1294,80.376843,17.1974733313889
1295,80.383268,17.219802016944453
1296,80.40724300000001,17.24213736222223
1297,80.316919,17.26444761750001
1298,80.39174899999999,17.2867786588889
1299,80.42216,17.309118147777788
1300,80.51368099999999,17.331483059166676
1301,80.49604099999999,17.353843070555566
1302,80.56533900000001,17.3762223313889
1303,80.591203,17.398608776666677
1304,80.67296499999999,17.42101793361112
1305,80.70555800000001,17.443436144166675
1306,80.733439,17.465862099444454
1307,80.860398,17.48832332111112
1308,80.84063800000001,17.5107790538889
1309,80.853767,17.53323843361112
1310,80.954027,17.555725663333344
1311,81.02419400000001,17.5782323838889
1312,81.04035,17.600743592222234
1313,81.132969,17.623280528055567
1314,81.19630599999999,17.64583505750001
1315,81.27222,17.668410674166676
1316,81.30865399999999,17.6909964113889
1317,81.36202800000001,17.713596974722233
1318,81.387444,17.736204598055565
1319,81.509936,17.758846246944454
1320,81.570014,17.781504584166676
1321,81.59035300000001,17.80416857111112
1322,81.637306,17.826845600555565
1323,81.646211,17.84952510361112
1324,81.656939,17.872207586666676
1325,81.651061,17.894888436944452
1326,81.630747,17.917563644444453
1327,81.688471,17.9402548863889
1328,81.765813,17.962967612222233
1329,81.76971400000001,17.985681421666676
1330,81.735083,18.0083856113889
1331,81.815742,18.031112206388897
1332,81.926981,18.053869701111118
1333,81.97856200000001,18.076641523888895
1334,82.036781,18.099429518611117
1335,82.100042,18.122235085833342
1336,82.21039900000001,18.145071307777787
1337,82.23264,18.167913707777785
1338,82.29105899999999,18.19077233527779
1339,82.307802,18.21363561361112
1340,82.38072199999999,18.23651914750001
1341,82.45939200000001,18.25942453416668
1342,82.489525,18.282338291111124
1343,82.554828,18.305270187777786
1344,82.563524,18.32820450000001
1345,82.59699099999999,18.35114810861112
1346,82.567915,18.374083640555565
1347,82.549948,18.397014181666677
1348,82.552487,18.419945428055563
1349,82.61823600000001,18.442894938055563
1350,82.624678,18.465846237500006
1351,82.57850199999999,18.488784710277784
1352,82.500448,18.511701501388895
1353,82.482254,18.53461323861112
1354,82.477922,18.55752377250001
1355,82.45407300000001,18.580427681666677
1356,82.468927,18.603335716944454
1357,82.45533,18.626239975277784
1358,82.41271499999999,18.649132396111117
1359,82.318086,18.671998531111118
1360,82.231393,18.69484058472223
1361,82.18375999999999,18.71766940694445
1362,82.211529,18.74050594277778
1363,82.189021,18.76333622638889
