training_iteration,number_of_agents_mean,number_of_airports_mean,malfunction_rate_mean,number_of_initial_cargo_mean,dynamic_cargo_generated_mean
1,1.0,3.0,0.0,2.0,0.0
2,1.0,3.0,0.0,2.0,0.0
3,1.0,3.0,0.0,2.0,0.0
4,1.0,3.0,0.0,2.0,0.0
5,1.0,3.0,0.0,2.0,0.0
6,1.0,3.0,0.0,2.0,0.0
7,1.0,3.0,0.0,2.0,0.0
8,1.0,3.0,0.0,2.0,0.0
9,1.0,3.0,0.0,2.0,0.0
10,1.0,3.0,0.0,2.0,0.0
11,1.0,3.0,0.0,2.0,0.0
12,1.0,3.0,0.0,2.0,0.0
13,1.0,3.0,0.0,2.0,0.0
14,1.0,3.0,0.0,2.0,0.0
15,1.0,3.0,0.0,2.0,0.0
16,1.0,3.0,0.0,2.0,0.0
17,1.0,3.0,0.0,2.0,0.0
18,1.0,3.0,0.0,2.0,0.0
19,1.0,3.0,0.0,2.0,0.0
20,1.0,3.0,0.0,2.0,0.0
21,1.0,3.0,0.0,2.0,0.0
22,1.0,3.0,0.0,2.0,0.0
23,1.0,3.0,0.0,2.0,0.0
24,1.0,3.0,0.0,2.0,0.0
25,1.0,3.0,0.0,2.0,0.0
26,1.0,3.0,0.0,2.0,0.0
27,1.0,3.0,0.0,2.0,0.0
28,1.0,3.0,0.0,2.0,0.0
29,1.0,3.0,0.0,2.0,0.0
30,1.0,3.0,0.0,2.0,0.0
31,1.0,3.0,0.0,2.0,0.0
32,1.0,3.0,0.0,2.0,0.0
33,1.0,3.0,0.0,2.0,0.0
34,1.0,3.0,0.0,2.0,0.0
35,1.0,3.0,0.0,2.0,0.0
36,1.0,3.0,0.0,2.0,0.0
37,1.0,3.0,0.0,2.0,0.0
38,1.0,3.0,0.0,2.0,0.0
39,1.0,3.0,0.0,2.0,0.0
40,1.0,3.0,0.0,2.0,0.0
41,1.0,3.0,0.0,2.0,0.0
42,1.0,3.0,0.0,2.0,0.0
43,1.0,3.0,0.0,2.0,0.0
44,1.0,3.0,0.0,2.0,0.0
45,1.0,3.0,0.0,2.0,0.0
46,1.0,3.0,0.0,2.0,0.0
47,1.0,3.0,0.0,2.0,0.0
48,1.0,3.0,0.0,2.0,0.0
49,1.0,3.0,0.0,2.0,0.0
50,1.0,3.0,0.0,2.0,0.0
51,1.0,3.0,0.0,2.0,0.0
52,1.0,3.0,0.0,2.0,0.0
53,1.0,3.0,0.0,2.0,0.0
54,1.0,3.0,0.0,2.0,0.0
55,1.0,3.0,0.0,2.0,0.0
56,1.0,3.0,0.0,2.0,0.0
57,1.0,3.0,0.0,2.0,0.0
58,1.0,3.0,0.0,2.0,0.0
59,1.0,3.0,0.0,2.0,0.0
60,1.0,3.0,0.0,2.0,0.0
61,1.0,3.0,0.0,2.0,0.0
62,1.0,3.0,0.0,2.0,0.0
63,1.0,3.0,0.0,2.0,0.0
64,1.0,3.0,0.0,2.0,0.0
65,1.0,3.0,0.0,2.0,0.0
66,1.0,3.0,0.0,2.0,0.0
67,1.0,3.0,0.0,2.0,0.02
68,1.0,3.0,0.0,2.0,0.05
69,1.0,3.0,0.0,2.0,0.06
70,1.0,3.0,0.0,2.0,0.11
71,1.0,3.0,0.0,2.0,0.12
72,1.0,3.0,0.0,2.0,0.13
73,1.0,3.0,0.0,2.0,0.17
74,1.0,3.0,0.0,2.0,0.2
75,1.0,3.0,0.0,2.0,0.23
76,1.0,3.0,0.0,2.0,0.24
77,1.0,3.0,0.0,2.0,0.24
78,1.0,3.0,0.0,2.0,0.26
79,1.0,3.0,0.0,2.0,0.31
80,1.0,3.0,0.0,2.0,0.35
81,1.0,3.0,0.0,2.0,0.39
82,1.0,3.0,0.0,2.0,0.41
83,1.0,3.0,0.0,2.0,0.42
84,1.0,3.0,0.0,2.0,0.44
85,1.0,3.0,0.0,2.0,0.46
86,1.0,3.0,0.0,2.0,0.49
87,1.0,3.0,0.0,2.0,0.52
88,1.0,3.0,0.0,2.0,0.57
89,1.0,3.0,0.0,2.0,0.62
90,1.0,3.0,0.0,2.0,0.64
91,1.0,3.0,0.0,2.0,0.68
92,1.0,3.0,0.0,2.0,0.72
93,1.0,3.0,0.0,2.0,0.75
94,1.0,3.0,0.0,2.0,0.78
95,1.0,3.0,0.0,2.0,0.79
96,1.0,3.0,0.0,2.0,0.82
97,1.0,3.0,0.0,2.0,0.85
98,1.0,3.0,0.0,2.0,0.91
99,1.0,3.0,0.0,2.0,0.91
100,1.0,3.0,0.0,2.0,0.91
101,1.0,3.0,0.0,2.0,0.93
102,1.0,3.0,0.0,2.0,0.98
103,1.0,3.0,0.0,2.0,0.98
104,1.0,3.0,0.0,2.0,0.98
105,1.0,3.0,0.0,2.0,0.98
106,1.0,3.0,0.0,2.0,0.98
107,1.0,3.0,0.0,2.0,0.98
108,1.0,3.0,0.0,2.0,0.98
109,1.0,3.0,0.0,2.0,0.98
110,1.0,3.0,0.0,2.0,0.98
111,1.0,3.0,0.0,2.03,0.95
112,1.0,3.0,0.0,2.08,0.9
113,1.0,3.0,0.0,2.13,0.85
114,1.0,3.0,0.0,2.19,0.79
115,1.0,3.0,0.0,2.32,0.67
116,1.0,3.0,0.0,2.47,0.51
117,1.0,3.0,0.0,2.6,0.38
118,1.0,3.0,0.0,2.79,0.2
119,1.0,3.0,0.0,2.94,0.05
120,1.0,3.0,0.0,2.95,0.04
121,1.0,3.0,0.0,2.95,0.03
122,1.0,3.0,0.0,2.96,0.02
123,1.0,3.0,0.0,2.96,0.02
124,1.0,3.0,0.0,2.97,0.01
125,1.0,3.0,0.0,2.98,0.01
126,1.0,3.0,0.0,2.98,0.0
127,1.0,3.0,0.0,2.97,0.0
128,1.0,3.0,0.0,2.97,0.01
129,1.0,3.0,0.0,2.98,0.01
130,1.0,3.0,0.0,3.0,0.0
131,1.0,3.0,0.0,3.0,0.0
132,1.0,3.0,0.0,3.0,0.0
133,1.24,3.0,0.0,3.0,0.0
134,1.63,3.0,0.0,3.0,0.0
135,1.91,3.0,0.0,3.0,0.0
136,2.0,3.0,0.0,3.0,0.0
137,2.0,3.0,0.0,3.0,0.0
138,2.0,3.0,0.0,3.0,0.0
139,2.0,3.0,0.0,3.0,0.0
140,2.0,3.0,0.0,3.0,0.0
141,2.0,3.0,0.0,3.0,0.0
142,2.0,3.0,0.0,3.0,0.0
143,2.0,3.0,0.0,3.0,0.0
144,2.0,3.0,0.0,3.0,0.0
145,2.0,3.0,0.0,3.0,0.0
146,2.0,3.0,0.0,3.0,0.0
147,2.0,3.0,0.0,3.0,0.0
148,2.0,3.0,0.0,3.0,0.0
149,2.0,3.0,0.0,3.0,0.0
150,2.0,3.0,0.0,3.0,0.0
151,2.0,3.0,0.0,3.0,0.0
152,2.0,3.0,0.0,3.0,0.0
153,2.0,3.0,0.0,3.0,0.0
154,2.0,3.0,0.0,3.0,0.0
155,2.0,3.0,0.0,3.0,0.03
156,2.0,3.0,0.0,3.0,0.07
157,2.0,3.0,0.0,3.0,0.1
158,2.0,3.0,0.0,3.0,0.11
159,2.0,3.0,0.0,3.0,0.14
160,2.0,3.0,0.0,3.0,0.14
161,2.0,3.0,0.0,3.0,0.2
162,2.0,3.0,0.0,3.0,0.22
163,2.0,3.0,0.0,3.0,0.25
164,2.0,3.0,0.0,3.0,0.31
165,2.0,3.0,0.0,3.0,0.36
166,2.0,3.0,0.0,3.0,0.37
167,2.0,3.0,0.0,3.0,0.41
168,2.0,3.0,0.0,3.0,0.42
169,2.0,3.0,0.0,3.0,0.47
170,2.0,3.0,0.0,3.0,0.5
171,2.0,3.0,0.0,3.0,0.55
172,2.0,3.0,0.0,3.0,0.58
173,2.0,3.0,0.0,3.0,0.64
174,2.0,3.0,0.0,3.0,0.67
175,2.0,3.0,0.0,3.0,0.68
176,2.0,3.0,0.0,3.0,0.71
177,2.0,3.0,0.0,3.0,0.78
178,2.0,3.0,0.0,3.0,0.84
179,2.0,3.0,0.0,3.0,0.84
180,2.0,3.0,0.0,3.0,0.88
181,2.0,3.0,0.0,3.0,0.88
182,2.0,3.0,0.0,3.0,0.92
183,2.0,3.0,0.0,3.0,0.94
184,2.0,3.0,0.0,3.0,0.95
185,2.0,3.0,0.0,3.0,0.95
186,2.0,3.0,0.0,3.0,0.97
187,2.0,3.0,0.0,3.0,0.98
188,2.0,3.0,0.0,3.0,0.98
189,2.0,3.0,0.0,3.0,0.98
190,2.0,3.0,0.0,3.0,0.98
191,2.0,3.0,0.0,3.0,0.98
192,2.0,3.0,0.0,3.0,0.98
193,2.0,3.0,0.0,3.0,0.98
194,2.0,3.0,0.0,3.0,0.98
195,2.0,3.0,0.0,3.0,0.98
196,2.0,3.0,0.0,3.0,0.97
197,2.0,3.0,0.0,3.0,0.97
198,2.0,3.0,0.0,3.0,0.97
199,2.0,3.0,0.0,3.0,0.97
200,2.0,3.0,0.0,3.0,0.96
201,2.0,3.0,0.0,3.0,0.96
202,2.0,3.0,0.0,3.0,0.96
203,2.0,3.0,0.0,3.0,0.96
204,2.0,3.0,0.0,3.0,0.96
205,2.0,3.0,0.0,3.0,0.96
206,2.0,3.0,0.0,3.0,0.95
207,2.0,3.0,0.0,3.0,0.95
208,2.0,3.0,0.0,3.0,0.96
209,2.0,3.0,0.0,3.0,0.96
210,2.0,3.0,0.0,3.0,0.96
211,2.0,3.0,0.0,3.0,0.96
212,2.0,3.0,0.0,3.0,0.96
213,2.0,3.0,0.0,3.0,0.96
214,2.0,3.0,0.0,3.0,0.96
215,2.0,3.0,0.0,3.0,0.97
216,2.0,3.0,0.0,3.0,0.97
217,2.0,3.0,0.0,3.0,0.97
218,2.0,3.0,0.0,3.0,0.97
219,2.0,3.0,0.0,3.0,0.97
220,2.0,3.0,0.0,3.0,0.97
221,2.0,3.0,0.0,3.0,0.97
222,2.0,3.03,0.0,3.0,0.97
223,2.0,3.06,0.0,3.0,0.97
224,2.0,3.09,0.0,3.0,0.98
225,2.0,3.12,0.0,3.0,0.98
226,2.0,3.16,0.0,3.0,0.99
227,2.0,3.19,0.0,3.0,0.99
228,2.0,3.22,0.0,3.0,0.99
229,2.0,3.23,0.0,3.0,0.99
230,2.0,3.27,0.0,3.0,0.99
231,2.0,3.3,0.0,3.0,0.99
232,2.0,3.33,0.0,3.0,0.99
233,2.0,3.36,0.0,3.0,0.99
234,2.0,3.37,0.0,3.0,0.99
235,2.0,3.42,0.0,3.0,0.99
236,2.0,3.46,0.0,3.0,0.99
237,2.0,3.46,0.0,3.0,0.99
238,2.0,3.47,0.0,3.0,0.99
239,2.0,3.53,0.0,3.0,0.99
240,2.0,3.56,0.0,3.0,0.99
241,2.0,3.64,0.0,3.0,0.99
242,2.0,3.71,0.0,3.0,0.99
243,2.0,3.75,0.0,3.0,0.99
244,2.0,3.76,0.0,3.0,0.99
245,2.0,3.8,0.0,3.0,0.98
246,2.0,3.8,0.0,3.0,0.98
247,2.0,3.82,0.0,3.0,0.98
248,2.0,3.83,0.0,3.0,0.98
249,2.0,3.85,0.0,3.0,0.98
250,2.0,3.88,0.0,3.0,0.98
251,2.0,3.88,0.0,3.0,0.98
252,2.0,3.9,0.0,3.0,0.98
253,2.0,3.91,0.0,3.0,0.98
254,2.0,3.91,0.0,3.0,0.98
255,2.0,3.93,0.0,3.0,0.98
256,2.0,3.95,0.0,3.0,0.98
257,2.0,3.95,0.0,3.0,0.98
258,2.0,3.97,0.0,3.0,0.98
259,2.0,3.97,0.0,3.0,0.98
260,2.0,3.98,0.0,3.0,0.98
261,2.0,3.98,0.0,3.0,0.98
262,2.0,3.99,0.0,3.0,0.98
263,2.0,3.99,0.0,3.0,0.98
264,2.0,3.99,0.0,3.0,0.98
265,2.0,4.0,0.0,3.0,0.99
266,2.0,4.0,0.0,3.0,0.99
267,2.0,4.0,0.0,3.0,0.98
268,2.0,4.0,0.0,3.0,1.0
269,2.0,4.0,0.0,3.0,1.02
270,2.0,4.0,0.0,3.0,1.04
271,2.0,4.0,0.0,3.0,1.07
272,2.0,4.0,0.0,3.0,1.08
273,2.0,4.0,0.0,3.0,1.09
274,2.0,4.0,0.0,3.0,1.09
275,2.0,4.0,0.0,3.0,1.11
276,2.0,4.0,0.0,3.0,1.15
277,2.0,4.0,0.0,3.0,1.18
278,2.0,4.0,0.0,3.0,1.2
279,2.0,4.0,0.0,3.0,1.2
280,2.0,4.0,0.0,3.0,1.21
281,2.0,4.0,0.0,3.0,1.23
282,2.0,4.0,0.0,3.0,1.26
283,2.0,4.0,0.0,3.0,1.26
284,2.0,4.0,0.0,3.0,1.29
285,2.0,4.0,0.0,3.0,1.35
286,2.0,4.0,0.0,3.0,1.37
287,2.0,4.0,0.0,3.0,1.39
288,2.0,4.0,0.0,3.0,1.4
289,2.0,4.0,0.0,3.0,1.41
290,2.0,4.0,0.0,3.0,1.44
291,2.0,4.0,0.0,3.0,1.45
292,2.0,4.0,0.0,3.0,1.46
293,2.0,4.0,0.0,3.0,1.48
294,2.0,4.0,0.0,3.0,1.48
295,2.0,4.0,0.0,3.0,1.5
296,2.0,4.0,0.0,3.0,1.51
297,2.0,4.0,0.0,3.0,1.53
298,2.0,4.0,0.0,3.0,1.55
299,2.0,4.0,0.0,3.0,1.55
300,2.0,4.0,0.0,3.0,1.56
301,2.0,4.0,0.0,3.0,1.59
302,2.0,4.0,0.0,3.0,1.61
303,2.0,4.0,0.0,3.0,1.62
304,2.0,4.0,0.0,3.0,1.66
305,2.0,4.0,0.0,3.0,1.69
306,2.0,4.0,0.0,3.0,1.69
307,2.0,4.0,0.0,3.0,1.72
308,2.0,4.0,0.0,3.0,1.74
309,2.0,4.0,0.0,3.0,1.76
310,2.0,4.0,0.0,3.0,1.76
311,2.0,4.0,0.0,3.0,1.77
312,2.0,4.0,0.0,3.0,1.8
313,2.0,4.0,0.0,3.0,1.81
314,2.0,4.0,0.0,3.0,1.83
315,2.0,4.0,0.0,3.0,1.83
316,2.0,4.0,0.0,3.0,1.83
317,2.0,4.0,0.0,3.0,1.86
318,2.0,4.0,0.0,3.0,1.87
319,2.0,4.0,0.0,3.0,1.89
320,2.0,4.0,0.0,3.0,1.89
321,2.0,4.0,0.0,3.0,1.89
322,2.0,4.0,0.0,3.0,1.89
323,2.0,4.0,0.0,3.0,1.89
324,2.0,4.0,0.0,3.0,1.89
325,2.0,4.0,0.0,3.0,1.87
326,2.0,4.0,0.0,3.0,1.88
327,2.0,4.0,0.0,3.0,1.89
328,2.0,4.0,0.0,3.0,1.89
329,2.0,4.0,0.0,3.0,1.9
330,2.0,4.0,0.0,3.0,1.9
331,2.0,4.0,0.0,3.0,1.89
332,2.0,4.0,0.0,3.0,1.88
333,2.0,4.0,0.0,3.01,1.87
334,2.0,4.0,0.0,3.02,1.86
335,2.0,4.0,0.0,3.05,1.83
336,2.0,4.0,0.0,3.07,1.81
337,2.0,4.0,0.0,3.09,1.79
338,2.0,4.0,0.0,3.1,1.77
339,2.0,4.0,0.0,3.15,1.73
340,2.0,4.0,0.0,3.18,1.7
341,2.0,4.0,0.0,3.21,1.67
342,2.0,4.0,0.0,3.22,1.66
343,2.0,4.0,0.0,3.24,1.65
344,2.0,4.0,0.0,3.27,1.62
345,2.0,4.0,0.0,3.32,1.57
346,2.0,4.0,0.0,3.34,1.54
347,2.0,4.0,0.0,3.36,1.52
348,2.0,4.0,0.0,3.37,1.5
349,2.0,4.0,0.0,3.42,1.45
350,2.0,4.0,0.0,3.47,1.41
351,2.0,4.0,0.0,3.51,1.37
352,2.0,4.0,0.0,3.53,1.35
353,2.0,4.0,0.0,3.58,1.3
354,2.0,4.0,0.0,3.61,1.27
355,2.0,4.0,0.0,3.65,1.24
356,2.0,4.0,0.0,3.67,1.23
357,2.0,4.0,0.0,3.68,1.23
358,2.0,4.0,0.0,3.71,1.23
359,2.0,4.0,0.0,3.75,1.22
360,2.0,4.0,0.0,3.75,1.22
361,2.0,4.0,0.0,3.79,1.24
362,2.0,4.0,0.0,3.8,1.25
363,2.0,4.0,0.0,3.85,1.25
364,2.0,4.0,0.0,3.87,1.26
365,2.0,4.0,0.0,3.89,1.28
366,2.0,4.0,0.0,3.89,1.29
367,2.0,4.0,0.0,3.91,1.31
368,2.0,4.0,0.0,3.91,1.33
369,2.0,4.0,0.0,3.92,1.34
370,2.0,4.0,0.0,3.92,1.34
371,2.0,4.0,0.0,3.93,1.36
372,2.0,4.0,0.0,3.95,1.39
373,2.0,4.0,0.0,3.96,1.4
374,2.0,4.0,0.0,3.96,1.41
375,2.0,4.0,0.0,3.96,1.42
376,2.0,4.0,0.0,3.96,1.44
377,2.0,4.0,0.0,3.96,1.45
378,2.0,4.0,0.0,3.97,1.48
379,2.0,4.0,0.0,3.97,1.48
380,2.0,4.0,0.0,3.98,1.5
381,2.0,4.0,0.0,3.98,1.53
382,2.0,4.0,0.0,3.98,1.54
383,2.0,4.0,0.0,3.98,1.55
384,2.0,4.0,0.0,3.98,1.56
385,2.0,4.0,0.0,3.98,1.57
386,2.0,4.0,0.0,3.98,1.58
387,2.0,4.0,0.0,3.99,1.61
388,2.0,4.0,0.0,4.0,1.69
389,2.0,4.0,0.0,4.0,1.69
390,2.0,4.0,0.0,4.0,1.7
391,2.0,4.0,0.0,4.0,1.73
392,2.0,4.0,0.0,4.0,1.73
393,2.0,4.0,0.0,4.0,1.74
394,2.0,4.0,0.0,4.0,1.77
395,2.0,4.0,0.0,4.0,1.78
396,2.0,4.0,0.0,4.0,1.81
397,2.0,4.0,0.0,4.0,1.83
398,2.0,4.0,0.0,4.0,1.84
399,2.0,4.0,0.0,4.0,1.85
400,2.0,4.0,0.0,4.0,1.89
401,2.0,4.0,0.0,4.0,1.89
402,2.0,4.0,0.0,4.0,1.9
403,2.0,4.0,0.0,4.0,1.91
404,2.02,4.0,0.0,4.0,1.92
405,2.03,4.0,0.0,4.0,1.92
406,2.07,4.0,0.0,4.0,1.94
407,2.07,4.0,0.0,4.0,1.94
408,2.08,4.0,0.0,4.0,1.95
409,2.09,4.0,0.0,4.0,1.95
410,2.13,4.0,0.0,4.0,1.96
411,2.14,4.0,0.0,4.0,1.96
412,2.14,4.0,0.0,4.0,1.96
413,2.16,4.0,0.0,4.0,1.96
414,2.18,4.0,0.0,4.0,1.96
415,2.2,4.0,0.0,4.0,1.96
416,2.21,4.0,0.0,4.0,1.96
417,2.27,4.0,0.0,4.0,1.96
418,2.3,4.0,0.0,4.0,1.96
419,2.32,4.0,0.0,4.0,1.96
420,2.33,4.0,0.0,4.0,1.96
421,2.37,4.0,0.0,4.0,1.96
422,2.4,4.0,0.0,4.0,1.97
423,2.41,4.0,0.0,4.0,1.97
424,2.45,4.0,0.0,4.0,1.97
425,2.47,4.0,0.0,4.0,1.97
426,2.48,4.0,0.0,4.0,1.97
427,2.49,4.0,0.0,4.0,1.97
428,2.51,4.0,0.0,4.0,1.97
429,2.59,4.0,0.0,4.0,1.98
430,2.6,4.0,0.0,4.0,1.98
431,2.64,4.0,0.0,4.0,1.98
432,2.68,4.0,0.0,4.0,1.98
433,2.7,4.0,0.0,4.0,1.99
434,2.75,4.0,0.0,4.0,1.99
435,2.75,4.0,0.0,4.0,1.99
436,2.78,4.0,0.0,4.0,1.99
437,2.79,4.0,0.0,4.0,1.99
438,2.83,4.0,0.0,4.0,2.0
439,2.87,4.0,0.0,4.0,2.0
440,2.89,4.0,0.0,4.0,2.0
441,2.91,4.0,0.0,4.0,2.0
442,2.93,4.0,0.0,4.0,2.0
443,2.95,4.0,0.0,4.0,2.0
444,2.95,4.0,0.0,4.0,2.0
445,2.97,4.0,0.0,4.0,2.0
446,2.97,4.0,0.0,4.0,2.0
447,2.97,4.0,0.0,4.0,2.0
448,2.97,4.0,0.0,4.0,2.0
449,2.98,4.0,0.0,4.0,2.0
450,2.99,4.0,0.0,4.0,1.99
451,3.0,4.0,0.0,4.0,1.99
452,3.0,4.0,0.0,4.0,1.99
453,3.0,4.0,0.0,4.0,1.99
454,3.0,4.0,0.0,4.0,1.99
455,3.0,4.0,0.0,4.0,1.99
456,3.0,4.0,0.0,4.0,1.99
457,3.0,4.0,0.0,4.0,1.99
458,3.0,4.0,0.0,4.0,1.99
459,3.0,4.0,0.0,4.0,1.99
460,3.0,4.0,0.0,4.0,1.99
461,3.0,4.0,0.0,4.0,1.99
462,3.0,4.0,0.0,4.0,1.99
463,3.0,4.0,0.0,4.0,1.99
464,3.0,4.0,0.0,4.0,1.99
465,3.0,4.0,0.0,4.0,1.99
466,3.0,4.0,0.0,4.0,1.99
467,3.0,4.0,0.0,4.0,1.99
468,3.0,4.0,0.0,4.0,2.01
469,3.0,4.0,0.0,4.0,2.01
470,3.0,4.0,0.0,4.0,2.03
471,3.0,4.0,0.0,4.0,2.03
472,3.0,4.0,0.0,4.0,2.04
473,3.0,4.0,0.0,4.0,2.04
474,3.0,4.0,0.0,4.0,2.04
475,3.0,4.0,0.0,4.0,2.05
476,3.0,4.0,0.0,4.0,2.06
477,3.0,4.0,0.0,4.0,2.09
478,3.0,4.0,0.0,4.0,2.11
479,3.0,4.0,0.0,4.0,2.14
480,3.0,4.0,0.0,4.0,2.15
481,3.0,4.0,0.0,4.0,2.19
482,3.0,4.0,0.0,4.0,2.2
483,3.0,4.0,0.0,4.0,2.2
484,3.0,4.0,0.0,4.0,2.21
485,3.0,4.0,0.0,4.0,2.26
486,3.0,4.0,0.0,4.0,2.26
487,3.0,4.0,0.0,4.0,2.29
488,3.0,4.0,0.0,4.0,2.31
489,3.0,4.0,0.0,4.0,2.32
490,3.0,4.0,0.0,4.0,2.33
491,3.0,4.0,0.0,4.0,2.35
492,3.0,4.0,0.0,4.0,2.35
493,3.0,4.0,0.0,4.0,2.36
494,3.0,4.0,0.0,4.0,2.36
495,3.0,4.0,0.0,4.0,2.38
496,3.0,4.0,0.0,4.0,2.41
497,3.0,4.0,0.0,4.0,2.42
498,3.0,4.0,0.0,4.0,2.44
499,3.0,4.0,0.0,4.0,2.45
500,3.0,4.0,0.0,4.0,2.48
501,3.0,4.0,0.0,4.0,2.5
502,3.0,4.0,0.0,4.0,2.52
503,3.0,4.0,0.0,4.0,2.52
504,3.0,4.0,0.0,4.0,2.53
505,3.0,4.0,0.0,4.0,2.53
506,3.0,4.0,0.0,4.0,2.55
507,3.0,4.0,0.0,4.0,2.59
508,3.0,4.0,0.0,4.0,2.63
509,3.0,4.0,0.0,4.0,2.64
510,3.0,4.0,0.0,4.0,2.65
511,3.0,4.0,0.0,4.0,2.66
512,3.0,4.0,0.0,4.0,2.71
513,3.0,4.0,0.0,4.0,2.72
514,3.0,4.0,0.0,4.0,2.74
515,3.0,4.0,0.0,4.0,2.74
516,3.0,4.0,0.0,4.0,2.77
517,3.0,4.0,0.0,4.0,2.78
518,3.0,4.0,0.0,4.0,2.78
519,3.0,4.0,0.0,4.0,2.79
520,3.0,4.0,0.0,4.0,2.81
521,3.0,4.0,0.0,4.0,2.83
522,3.0,4.0,0.0,4.0,2.86
523,3.0,4.0,0.0,4.0,2.87
524,3.0,4.0,0.0,4.0,2.89
525,3.0,4.0,0.0,4.0,2.89
526,3.0,4.0,0.0,4.0,2.89
527,3.0,4.0,0.0,4.0,2.91
528,3.0,4.0,0.0,4.0,2.91
529,3.0,4.0,0.0,4.0,2.92
530,3.0,4.0,0.0,4.0,2.92
531,3.0,4.0,0.0,4.0,2.95
532,3.0,4.0,0.0,4.0,2.94
533,3.0,4.0,0.0,4.0,2.94
534,3.0,4.0,0.0,4.0,2.94
535,3.0,4.0,0.0,4.0,2.94
536,3.0,4.0,0.0,4.0,2.94
537,3.0,4.0,0.0,4.0,2.94
538,3.0,4.0,0.0,4.0,2.94
539,3.0,4.0,0.0,4.0,2.94
540,3.0,4.0,0.0,4.0,2.94
541,3.0,4.0,0.0,4.0,2.94
542,3.0,4.0,0.0,4.0,2.94
543,3.0,4.0,0.0,4.0,2.94
544,3.0,4.0,0.0,4.0,2.94
545,3.0,4.0,0.0,4.0,2.94
546,3.0,4.0,0.0,4.0,2.94
547,3.0,4.0,0.0,4.0,2.94
548,3.0,4.0,0.0,4.0,2.94
549,3.0,4.0,0.0,4.0,2.94
550,3.0,4.0,0.0,4.0,2.94
551,3.0,4.0,0.0,4.0,2.93
552,3.0,4.0,0.0,4.0,2.94
553,3.0,4.0,0.0,4.01,2.94
554,3.0,4.0,0.0,4.01,2.94
555,3.0,4.0,0.0,4.02,2.94
556,3.0,4.0,0.0,4.03,2.94
557,3.0,4.0,0.0,4.05,2.91
558,3.0,4.0,0.0,4.05,2.92
559,3.0,4.0,0.0,4.07,2.92
560,3.0,4.0,0.0,4.08,2.92
561,3.0,4.0,0.0,4.08,2.92
562,3.0,4.0,0.0,4.1,2.92
563,3.0,4.0,0.0,4.12,2.92
564,3.0,4.0,0.0,4.16,2.92
565,3.0,4.0,0.0,4.17,2.92
566,3.0,4.0,0.0,4.17,2.92
567,3.0,4.0,0.0,4.19,2.92
568,3.0,4.0,0.0,4.2,2.92
569,3.0,4.0,0.0,4.23,2.92
570,3.0,4.0,0.0,4.23,2.92
571,3.0,4.0,0.0,4.27,2.93
572,3.0,4.0,0.0,4.27,2.93
573,3.0,4.0,0.0,4.29,2.93
574,3.0,4.0,0.0,4.34,2.93
575,3.0,4.0,0.0,4.36,2.93
576,3.0,4.0,0.0,4.4,2.93
577,3.0,4.0,0.0,4.42,2.93
578,3.0,4.0,0.0,4.43,2.93
579,3.0,4.0,0.0,4.44,2.94
580,3.0,4.0,0.0,4.45,2.94
581,3.0,4.0,0.0,4.48,2.94
582,3.0,4.0,0.0,4.49,2.94
583,3.0,4.0,0.0,4.5,2.94
584,3.0,4.0,0.0,4.53,2.95
585,3.0,4.0,0.0,4.56,2.96
586,3.0,4.0,0.0,4.61,2.96
587,3.0,4.0,0.0,4.62,2.96
588,3.0,4.0,0.0,4.64,2.96
589,3.0,4.0,0.0,4.69,2.95
590,3.0,4.0,0.0,4.69,2.95
591,3.0,4.0,0.0,4.7,2.95
592,3.0,4.0,0.0,4.72,2.95
593,3.0,4.0,0.0,4.75,2.95
594,3.0,4.0,0.0,4.78,2.95
595,3.0,4.0,0.0,4.8,2.95
596,3.0,4.0,0.0,4.83,2.95
597,3.0,4.0,0.0,4.83,2.95
598,3.0,4.0,0.0,4.87,2.96
599,3.0,4.0,0.0,4.87,2.96
600,3.0,4.0,0.0,4.91,2.96
601,3.0,4.0,0.0,4.91,2.96
602,3.0,4.0,0.0,4.92,2.96
603,3.0,4.0,0.0,4.93,2.96
604,3.0,4.0,0.0,4.94,2.99
605,3.0,4.0,0.0,4.94,2.99
606,3.0,4.0,0.0,4.94,2.99
607,3.0,4.0,0.0,4.95,2.99
608,3.0,4.0,0.0,4.98,2.99
609,3.0,4.0,0.0,5.0,2.99
610,3.0,4.0,0.0,5.0,2.99
611,3.0,4.0,0.0,5.0,2.99
612,3.0,4.0,0.0,5.0,2.99
613,3.0,4.0,0.0,5.0,2.98
614,3.0,4.0,0.0,5.0,2.98
615,3.0,4.0,0.0,5.0,2.98
616,3.0,4.0,0.0,5.0,2.98
617,3.0,4.0,0.0,5.0,2.98
618,3.0,4.0,0.0,5.0,2.98
619,3.0,4.0,0.0,5.0,2.98
620,3.0,4.0,0.0,5.0,2.98
621,3.0,4.0,0.0,5.0,2.98
622,3.0,4.0,0.0,5.0,2.98
623,3.0,4.0,0.0,5.0,2.98
624,3.0,4.0,0.0,5.0,2.96
625,3.0,4.0,0.0,5.0,2.96
626,3.0,4.0,0.0,5.0,2.96
627,3.0,4.0,0.0,5.0,2.96
628,3.0,4.0,0.0,5.0,2.96
629,3.0,4.0,0.0,5.0,2.95
630,3.0,4.0,0.0,5.0,2.95
631,3.0,4.0,0.0,5.0,2.95
632,3.0,4.0,0.0,5.0,2.95
633,3.0,4.0,0.0,5.0,2.95
634,3.0,4.0,0.0,5.0,2.95
635,3.0,4.0,0.0,5.0,2.95
636,3.0,4.0,0.0,5.0,2.95
637,3.0,4.0,0.0,5.0,2.95
638,3.0,4.0,0.0,5.0,2.94
639,3.0,4.0,0.0,5.0,2.95
640,3.0,4.0,0.0,5.0,2.95
641,3.0,4.0,0.0,5.0,2.95
642,3.0,4.0,0.0,5.0,2.95
643,3.0,4.0,0.0,5.0,2.95
644,3.0,4.0,0.0,5.0,2.95
645,3.0,4.0,0.0,5.0,2.95
646,3.0,4.0,0.0,5.0,2.95
647,3.0,4.0,0.0,5.0,2.95
648,3.0,4.0,0.0,5.0,2.95
649,3.0,4.0,0.0,5.0,2.95
650,3.0,4.0,0.0,5.0,2.95
651,3.0,4.0,0.0,5.0,2.95
652,3.0,4.0,0.0,5.0,2.95
653,3.0,4.0,0.0,5.0,2.95
654,3.0,4.0,0.0,5.0,2.95
655,3.0,4.0,0.0,5.0,2.95
656,3.0,4.0,0.0,5.0,2.95
657,3.0,4.0,0.0,5.0,2.95
658,3.0,4.0,0.0,5.0,2.95
659,3.0,4.0,0.0,5.0,2.95
660,3.0,4.0,0.0,5.0,2.95
661,3.0,4.0,0.0,5.0,2.96
662,3.0,4.0,0.0,5.0,2.96
663,3.0,4.0,0.0,5.0,2.96
664,3.0,4.0,0.0,5.0,2.96
665,3.01,4.01,0.0,5.0,2.97
666,3.02,4.02,0.0,5.0,2.98
667,3.05,4.05,0.0,5.0,3.01
668,3.06,4.06,0.0,5.0,3.02
669,3.08,4.08,0.0,5.0,3.06
670,3.09,4.09,0.0,5.0,3.07
671,3.09,4.09,0.0,5.0,3.07
672,3.12,4.12,0.0,5.0,3.1
673,3.13,4.13,0.0,5.0,3.11
674,3.13,4.13,0.0,5.0,3.1
675,3.13,4.13,0.0,5.0,3.1
676,3.15,4.15,0.0,5.0,3.12
677,3.15,4.15,0.0,5.0,3.12
678,3.19,4.19,0.0,5.0,3.17
679,3.21,4.21,0.0,5.0,3.19
680,3.22,4.22,0.0,5.0,3.2
681,3.25,4.25,0.0,5.0,3.23
682,3.28,4.28,0.0,5.0,3.24
683,3.3,4.3,0.0,5.0,3.26
684,3.32,4.32,0.0,5.0,3.29
685,3.34,4.34,0.0,5.0,3.31
686,3.38,4.38,0.0,5.0,3.35
687,3.39,4.39,0.0,5.0,3.34
688,3.41,4.41,0.0,5.0,3.36
689,3.41,4.41,0.0,5.0,3.36
690,3.45,4.45,0.0,5.0,3.4
691,3.48,4.48,0.0,5.0,3.43
692,3.51,4.51,0.0,5.0,3.46
693,3.53,4.53,0.0,5.0,3.48
694,3.54,4.54,0.0,5.0,3.49
695,3.55,4.55,0.0,5.0,3.5
696,3.56,4.56,0.0,5.0,3.51
697,3.59,4.59,0.0,5.0,3.54
698,3.6,4.6,0.0,5.0,3.55
699,3.63,4.63,0.0,5.0,3.56
700,3.64,4.64,0.0,5.0,3.57
701,3.64,4.64,0.0,5.0,3.57
702,3.66,4.66,0.0,5.0,3.59
703,3.71,4.71,0.0,5.0,3.64
704,3.72,4.72,0.0,5.0,3.65
705,3.73,4.73,0.0,5.0,3.66
706,3.74,4.74,0.0,5.0,3.67
707,3.75,4.75,0.0,5.0,3.68
708,3.77,4.77,0.0,5.0,3.7
709,3.78,4.78,0.0,5.0,3.71
710,3.79,4.79,0.0,5.0,3.72
711,3.84,4.84,0.0,5.0,3.77
712,3.85,4.85,0.0,5.0,3.78
713,3.87,4.87,0.0,5.0,3.8
714,3.88,4.88,0.0,5.0,3.81
715,3.9,4.9,0.0,5.0,3.83
716,3.91,4.91,0.0,5.0,3.84
717,3.93,4.93,0.0,5.0,3.86
718,3.94,4.94,0.0,5.0,3.87
719,3.95,4.95,0.0,5.0,3.88
720,3.95,4.95,0.0,5.0,3.87
721,3.96,4.96,0.0,5.0,3.88
722,3.97,4.97,0.0,5.0,3.89
723,3.98,4.98,0.0,5.0,3.9
724,3.98,4.98,0.0,5.0,3.9
725,3.98,4.98,0.0,5.0,3.9
726,3.98,4.98,0.0,5.0,3.88
727,3.98,4.98,0.0,5.0,3.88
728,3.99,4.99,0.0,5.0,3.88
729,3.99,4.99,0.0,5.0,3.88
730,3.99,4.99,0.0,5.0,3.88
731,4.0,5.0,0.0,5.0,3.9
732,4.0,5.0,0.0,5.0,3.9
733,4.0,5.0,0.0,5.0,3.9
734,4.0,5.0,0.0,5.0,3.9
735,4.0,5.0,0.0,5.0,3.9
736,4.0,5.0,0.0,5.0,3.9
737,4.0,5.0,0.0,5.0,3.9
738,4.0,5.0,0.0,5.0,3.91
739,4.0,5.0,0.0,5.0,3.91
740,4.0,5.0,0.0,5.0,3.91
741,4.0,5.0,0.0,5.0,3.91
742,4.0,5.0,0.0,5.0,3.91
743,4.0,5.0,0.0,5.0,3.93
744,4.0,5.0,0.0,5.0,3.93
745,4.0,5.0,0.0,5.0,3.93
746,4.0,5.0,0.0,5.0,3.93
747,4.0,5.0,0.0,5.0,3.93
748,4.0,5.0,0.0,5.0,3.93
749,4.0,5.0,0.0,5.0,3.93
750,4.0,5.0,0.0,5.0,3.93
751,4.0,5.0,0.0,5.0,3.93
752,4.0,5.0,0.0,5.0,3.93
753,4.0,5.0,0.0,5.0,3.93
754,4.0,5.0,0.0,5.0,3.93
755,4.0,5.0,0.0,5.0,3.93
756,4.0,5.0,0.0,5.0,3.93
757,4.0,5.0,0.0,5.0,3.95
758,4.0,5.0,0.0,5.0,3.95
759,4.0,5.0,0.0,5.0,3.94
760,4.0,5.0,0.0,5.0,3.94
761,4.0,5.0,0.0,5.0,3.94
762,4.0,5.0,0.0,5.0,3.93
763,4.0,5.0,0.0,5.0,3.93
764,4.0,5.0,0.0,5.0,3.93
765,4.0,5.0,0.0,5.0,3.93
766,4.0,5.0,0.0,5.0,3.93
767,4.0,5.0,0.0,5.0,3.93
768,4.0,5.0,0.0,5.0,3.93
769,4.0,5.0,0.0,5.0,3.93
770,4.0,5.0,0.0,5.0,3.93
771,4.0,5.0,0.0,5.0,3.93
772,4.0,5.0,0.0,5.0,3.93
773,4.0,5.0,0.0,5.0,3.93
774,4.0,5.0,0.0,5.0,3.93
775,4.0,5.0,0.0,5.0,3.93
776,4.0,5.0,0.0,5.0,3.93
777,4.0,5.0,0.0,5.02,3.93
778,4.0,5.0,0.0,5.03,3.93
779,4.0,5.0,0.0,5.04,3.93
780,4.0,5.0,0.0,5.05,3.93
781,4.0,5.0,0.0,5.06,3.93
782,4.0,5.0,0.0,5.07,3.95
783,4.0,5.0,0.0,5.08,3.95
784,4.0,5.0,0.0,5.1,3.95
785,4.0,5.0,0.0,5.1,3.95
786,4.0,5.0,0.0,5.12,3.96
787,4.0,5.0,0.0,5.13,3.95
788,4.0,5.0,0.0,5.17,3.95
789,4.0,5.0,0.0,5.19,3.95
790,4.0,5.0,0.0,5.21,3.95
791,4.0,5.0,0.0,5.23,3.95
792,4.0,5.0,0.0,5.26,3.95
793,4.0,5.0,0.0,5.27,3.95
794,4.0,5.0,0.0,5.29,3.96
795,4.0,5.0,0.0,5.33,3.96
796,4.0,5.0,0.0,5.34,3.96
797,4.0,5.0,0.0,5.37,3.96
798,4.0,5.0,0.0,5.38,3.96
799,4.0,5.0,0.0,5.38,3.96
800,4.0,5.0,0.0,5.41,3.96
801,4.0,5.0,0.0,5.41,3.96
802,4.0,5.0,0.0,5.43,3.96
803,4.0,5.0,0.0,5.45,3.95
804,4.0,5.0,0.0,5.47,3.95
805,4.0,5.0,0.0,5.48,3.95
806,4.0,5.0,0.0,5.51,3.95
807,4.0,5.0,0.0,5.51,3.95
808,4.0,5.0,0.0,5.55,3.95
809,4.0,5.0,0.0,5.55,3.95
810,4.0,5.0,0.0,5.55,3.95
811,4.0,5.0,0.0,5.57,3.95
812,4.0,5.0,0.0,5.61,3.95
813,4.0,5.0,0.0,5.64,3.95
814,4.0,5.0,0.0,5.66,3.96
815,4.0,5.0,0.0,5.67,3.96
816,4.0,5.0,0.0,5.69,3.96
817,4.0,5.0,0.0,5.69,3.96
818,4.0,5.0,0.0,5.73,3.97
819,4.0,5.0,0.0,5.75,3.97
820,4.0,5.0,0.0,5.75,3.97
821,4.0,5.0,0.0,5.78,3.97
822,4.0,5.0,0.0,5.8,3.97
823,4.0,5.0,0.0,5.82,3.97
824,4.0,5.0,0.0,5.83,3.97
825,4.0,5.0,0.0,5.85,3.97
826,4.0,5.0,0.0,5.88,3.97
827,4.0,5.0,0.0,5.89,3.97
828,4.0,5.0,0.0,5.92,3.97
829,4.0,5.0,0.0,5.93,3.97
830,4.0,5.0,0.0,5.95,3.97
831,4.0,5.0,0.0,5.96,3.98
832,4.0,5.0,0.0,5.97,3.98
833,4.0,5.0,0.0,5.97,3.98
834,4.0,5.0,0.0,5.97,3.98
835,4.0,5.0,0.0,5.99,3.98
836,4.0,5.0,0.0,5.99,3.97
837,4.0,5.0,0.0,5.99,3.97
838,4.0,5.0,0.0,5.99,3.97
839,4.0,5.0,0.0,6.0,3.98
840,4.0,5.0,0.0,6.0,3.98
841,4.0,5.0,0.0,6.0,3.98
842,4.0,5.0,0.0,6.0,3.98
843,4.0,5.0,0.0,6.0,3.98
844,4.0,5.0,0.0,6.0,3.98
845,4.0,5.0,0.0,6.0,3.98
846,4.0,5.0,0.0,6.0,3.98
847,4.0,5.0,0.0,6.0,3.98
848,4.0,5.0,0.0,6.0,3.98
849,4.0,5.0,0.0,6.0,3.98
850,4.0,5.0,0.0,6.0,3.98
851,4.0,5.0,0.0,6.0,3.98
852,4.0,5.0,0.0,6.0,3.98
853,4.0,5.0,0.0,6.0,3.98
854,4.0,5.0,0.0,6.0,3.98
855,4.0,5.0,0.0,6.0,3.99
856,4.0,5.0,0.0,6.0,3.99
857,4.0,5.0,0.0,6.0,3.99
858,4.0,5.0,0.0,6.0,3.99
859,4.0,5.0,0.0,6.0,3.99
860,4.0,5.0,0.0,6.0,3.99
861,4.0,5.0,0.0,6.0,3.99
862,4.0,5.0,0.0,6.0,3.99
863,4.0,5.0,0.0,6.0,3.99
864,4.0,5.0,0.0,6.0,3.99
865,4.0,5.0,0.0,6.0,4.01
866,4.0,5.0,0.0,6.0,4.01
867,4.0,5.0,0.0,6.0,3.98
868,4.0,5.0,0.0,6.0,3.98
869,4.0,5.0,0.0,6.0,3.99
870,4.0,5.0,0.0,6.0,4.02
871,4.0,5.0,0.0,6.0,4.05
872,4.0,5.0,0.0,6.0,4.08
873,4.0,5.0,0.0,6.0,4.08
874,4.0,5.0,0.0,6.0,4.09
875,4.0,5.0,0.0,6.0,4.09
876,4.0,5.0,0.0,6.0,4.12
877,4.0,5.0,0.0,6.0,4.14
878,4.0,5.0,0.0,6.0,4.17
879,4.0,5.0,0.0,6.0,4.18
880,4.0,5.0,0.0,6.0,4.18
881,4.0,5.0,0.0,6.0,4.18
882,4.0,5.0,0.0,6.0,4.21
883,4.0,5.0,0.0,6.0,4.22
884,4.0,5.0,0.0,6.0,4.24
885,4.0,5.0,0.0,6.0,4.26
886,4.0,5.0,0.0,6.0,4.27
887,4.0,5.0,0.0,6.0,4.28
888,4.0,5.0,0.0,6.0,4.28
889,4.0,5.0,0.0,6.0,4.31
890,4.0,5.0,0.0,6.0,4.32
891,4.0,5.0,0.0,6.0,4.34
892,4.0,5.0,0.0,6.0,4.36
893,4.0,5.0,0.0,6.0,4.39
894,4.0,5.0,0.0,6.0,4.39
895,4.0,5.0,0.0,6.0,4.42
896,4.0,5.0,0.0,6.0,4.43
897,4.0,5.0,0.0,6.0,4.44
898,4.0,5.0,0.0,6.0,4.47
899,4.0,5.0,0.0,6.0,4.49
900,4.0,5.0,0.0,6.0,4.52
901,4.0,5.0,0.0,6.0,4.54
902,4.0,5.0,0.0,6.0,4.57
903,4.0,5.0,0.0,6.0,4.58
904,4.0,5.0,0.0,6.0,4.6
905,4.0,5.0,0.0,6.0,4.6
906,4.0,5.0,7.900000000000001e-05,6.0,4.62
907,4.0,5.0,7.900000000000001e-05,6.0,4.63
908,4.0,5.0,7.900000000000001e-05,6.0,4.63
909,4.0,5.0,7.900000000000001e-05,6.0,4.66
910,4.0,5.0,0.00015800000000000002,6.0,4.67
911,4.0,5.0,0.00015800000000000002,6.0,4.68
912,4.0,5.0,0.00015800000000000002,6.0,4.69
913,4.0,5.0,0.00015800000000000002,6.0,4.7
914,4.0,5.0,0.00015800000000000002,6.0,4.74
915,4.0,5.0,0.00015800000000000002,6.0,4.75
916,4.0,5.0,0.00039500000000000006,6.0,4.78
917,4.0,5.0,0.0006320000000000002,6.0,4.81
918,4.0,5.0,0.0007110000000000003,6.0,4.82
919,4.0,5.0,0.0008690000000000002,6.0,4.84
920,4.0,5.0,0.0010270000000000004,6.0,4.86
921,4.0,5.0,0.0011060000000000002,6.0,4.87
922,4.0,5.0,0.0012640000000000001,6.0,4.89
923,4.0,5.0,0.001343,6.0,4.9
924,4.0,5.0,0.0015009999999999997,6.0,4.91
925,4.0,5.0,0.0015009999999999997,6.0,4.91
926,4.0,5.0,0.0016589999999999999,6.0,4.92
927,4.0,5.0,0.0016589999999999999,6.0,4.92
928,4.0,5.0,0.001896,6.0,4.97
929,4.0,5.0,0.002212,6.0,4.97
930,4.0,5.0,0.0022909999999999996,6.0,4.97
931,4.0,5.0,0.002528,6.0,4.97
932,4.0,5.0,0.002528,6.0,4.97
933,4.01,5.0,0.002765,6.0,4.97
934,4.01,5.0,0.0028440000000000006,6.0,4.97
935,4.04,5.0,0.003397,6.0,4.97
936,4.06,5.0,0.0037129999999999997,6.0,4.97
937,4.08,5.0,0.004029,6.0,4.97
938,4.1,5.0,0.004345,6.0,4.97
939,4.1,5.0,0.004345,6.0,4.97
940,4.12,5.0,0.004661,6.0,4.97
941,4.12,5.0,0.004661,6.0,4.97
942,4.15,5.0,0.005135,6.0,4.98
943,4.17,5.0,0.005451000000000001,6.0,4.98
944,4.18,5.0,0.005609000000000002,6.0,4.99
945,4.2,5.0,0.005925000000000002,6.0,4.99
946,4.22,5.0,0.006241000000000002,6.0,4.99
947,4.24,5.0,0.006557000000000002,6.0,4.99
948,4.28,5.0,0.0071890000000000035,6.0,5.0
949,4.31,5.0,0.007663000000000003,6.0,4.99
950,4.31,5.0,0.007663000000000003,6.0,4.99
951,4.33,5.0,0.008058000000000003,6.0,4.99
952,4.36,5.0,0.008611000000000004,6.0,4.99
953,4.38,5.0,0.009085000000000003,6.0,4.99
954,4.4,5.0,0.009559000000000005,6.0,4.99
955,4.42,5.0,0.009954000000000003,6.0,4.99
956,4.42,5.0,0.009954000000000003,6.0,4.99
957,4.44,5.0,0.010349000000000004,6.0,4.99
958,4.46,5.0,0.010823000000000003,6.0,4.99
959,4.46,5.0,0.010823000000000003,6.0,4.99
960,4.48,5.0,0.011218000000000004,6.0,4.99
961,4.48,5.0,0.011218000000000004,6.0,4.99
962,4.49,5.0,0.011455000000000003,6.0,4.99
963,4.49,5.0,0.011455000000000003,6.0,4.99
964,4.55,5.0,0.012798000000000002,6.0,4.99
965,4.59,5.0,0.013588000000000003,6.0,4.98
966,4.61,5.0,0.014062000000000003,6.0,4.98
967,4.62,5.0,0.014299000000000004,6.0,4.98
968,4.62,5.0,0.014299000000000004,6.0,4.98
969,4.64,5.0,0.014773000000000003,6.0,4.98
970,4.66,5.0,0.015247000000000004,6.0,4.98
971,4.68,5.0,0.015642000000000003,6.0,4.98
972,4.73,5.0,0.016432000000000002,6.0,4.98
973,4.73,5.0,0.016432000000000002,6.0,4.98
974,4.75,5.0,0.016748000000000002,6.0,4.98
975,4.76,5.0,0.016906000000000004,6.0,4.98
976,4.77,5.0,0.017143000000000005,6.0,4.99
977,4.78,5.0,0.017301000000000004,6.0,4.99
978,4.79,5.0,0.017538000000000005,6.0,5.0
979,4.8,5.0,0.017775000000000006,6.0,5.01
980,4.84,5.0,0.018723000000000004,6.0,5.05
981,4.85,5.0,0.018960000000000005,6.0,5.06
982,4.89,5.0,0.019829000000000003,6.0,5.09
983,4.9,5.0,0.020066,6.0,5.1
984,4.91,5.0,0.020303000000000005,6.0,5.11
985,4.93,5.0,0.020777000000000004,6.0,5.13
986,4.93,5.0,0.020777000000000004,6.0,5.13
987,4.93,5.0,0.020777000000000004,6.0,5.13
988,4.96,5.0,0.021488000000000004,6.0,5.16
989,4.97,5.0,0.021725000000000005,6.0,5.17
990,5.0,5.0,0.02275200000000001,6.0,5.22
991,5.0,5.0,0.022910000000000003,6.0,5.23
992,5.0,5.0,0.022910000000000003,6.0,5.23
993,5.0,5.0,0.02322600000000001,6.0,5.25
994,5.0,5.0,0.023542000000000004,6.0,5.27
995,5.0,5.0,0.023937000000000003,6.01,5.28
996,5.0,5.0,0.024253000000000004,6.01,5.3
997,5.0,5.0,0.024411000000000006,6.01,5.31
998,5.0,5.0,0.024885000000000004,6.01,5.34
999,5.0,5.0,0.025122000000000005,6.02,5.34
1000,5.0,5.0,0.025517,6.03,5.35
1001,5.0,5.0,0.026228,6.04,5.38
1002,5.0,5.0,0.026702000000000004,6.06,5.38
1003,5.0,5.0,0.027176,6.08,5.38
1004,5.0,5.0,0.028123999999999996,6.12,5.39
1005,5.0,5.0,0.028361,6.13,5.39
1006,5.0,5.0,0.028361,6.13,5.39
1007,5.0,5.0,0.028755999999999993,6.15,5.39
1008,5.0,5.0,0.029387999999999997,6.18,5.39
1009,5.0,5.0,0.029545999999999992,6.19,5.39
1010,5.0,5.0,0.029703999999999998,6.2,5.39
1011,5.0,5.0,0.030019999999999998,6.22,5.39
1012,5.0,5.0,0.030177999999999993,6.23,5.39
1013,5.0,5.0,0.030652,6.25,5.39
1014,5.0,5.0,0.030968,6.27,5.39
1015,5.0,5.0,0.031125999999999997,6.28,5.39
1016,5.0,5.0,0.03167899999999999,6.31,5.39
1017,5.0,5.0,0.032152999999999994,6.34,5.39
1018,5.0,5.0,0.03231099999999999,6.35,5.39
1019,5.0,5.0,0.032943,6.38,5.39
1020,5.0,5.0,0.033259,6.4,5.39
1021,5.0,5.0,0.03373299999999999,6.42,5.4
1022,5.0,5.0,0.034444,6.45,5.4
1023,5.0,5.0,0.035392,6.49,5.4
1024,5.0,5.0,0.035866,6.51,5.4
1025,5.0,5.0,0.035866,6.51,5.4
1026,5.0,5.0,0.036340000000000004,6.53,5.4
1027,5.0,5.0,0.036814000000000006,6.55,5.4
1028,5.0,5.0,0.03705100000000001,6.56,5.4
1029,5.0,5.0,0.037525,6.58,5.4
1030,5.0,5.0,0.038078,6.61,5.38
1031,5.0,5.0,0.038078,6.61,5.38
1032,5.0,5.0,0.038394000000000005,6.63,5.36
1033,5.0,5.0,0.039026000000000005,6.67,5.32
1034,5.0,5.0,0.039737,6.71,5.29
1035,5.0,5.0,0.03989500000000001,6.72,5.28
1036,5.0,5.0,0.040053,6.73,5.27
1037,5.0,5.0,0.04068499999999999,6.77,5.23
1038,5.0,5.0,0.04108,6.79,5.21
1039,5.0,5.0,0.041238000000000004,6.8,5.2
1040,5.0,5.0,0.04186999999999999,6.83,5.17
1041,5.0,5.0,0.04234399999999999,6.86,5.14
1042,5.0,5.0,0.042501999999999984,6.87,5.13
1043,5.0,5.0,0.04265999999999999,6.88,5.12
1044,5.0,5.0,0.04289699999999999,6.89,5.11
1045,5.0,5.0,0.043766,6.92,5.08
1046,5.0,5.0,0.044002999999999994,6.93,5.07
1047,5.0,5.0,0.044239999999999995,6.94,5.06
1048,5.0,5.0,0.04542499999999999,6.98,5.02
1049,5.0,5.0,0.045741,6.99,5.01
1050,5.0,5.0,0.04613599999999999,7.0,5.0
1051,5.0,5.0,0.046293999999999995,7.0,5.0
1052,5.0,5.0,0.046293999999999995,7.0,5.0
1053,5.0,5.0,0.046452,7.0,5.0
1054,5.0,5.0,0.04661,7.0,5.0
1055,5.0,5.0,0.047084,7.0,5.0
1056,5.0,5.0,0.047084,7.0,5.0
1057,5.0,5.0,0.047400000000000005,7.0,5.0
1058,5.0,5.0,0.047715999999999995,7.0,5.0
1059,5.0,5.0,0.048347999999999995,7.0,5.0
1060,5.0,5.0,0.048506,7.0,5.0
1061,5.0,5.0,0.049217000000000004,7.0,5.01
1062,5.0,5.0,0.049375,7.0,5.01
1063,5.0,5.0,0.050007,7.0,5.03
1064,5.0,5.0,0.050007,7.0,5.03
1065,5.0,5.0,0.05016500000000001,7.0,5.03
1066,5.0,5.0,0.05079700000000001,7.0,5.05
1067,5.0,5.0,0.05127100000000001,7.0,5.07
1068,5.0,5.0,0.05166600000000001,7.0,5.09
1069,5.0,5.0,0.05206100000000001,7.0,5.11
1070,5.0,5.0,0.052535000000000005,7.0,5.13
1071,5.0,5.0,0.052535000000000005,7.0,5.13
1072,5.0,5.0,0.052535000000000005,7.0,5.13
1073,5.0,5.0,0.05277200000000001,7.0,5.14
1074,5.0,5.0,0.05372000000000002,7.0,5.2
1075,5.0,5.0,0.054036000000000015,7.0,5.22
1076,5.0,5.0,0.05419400000000002,7.0,5.23
1077,5.0,5.0,0.05435200000000002,7.0,5.24
1078,5.0,5.0,0.05435200000000002,7.0,5.24
1079,5.0,5.0,0.05466800000000002,7.0,5.26
1080,5.0,5.0,0.05530000000000002,7.0,5.3
1081,5.0,5.0,0.05545800000000003,7.0,5.31
1082,5.0,5.0,0.05561600000000002,7.0,5.32
1083,5.0,5.0,0.05585300000000003,7.0,5.33
1084,5.0,5.0,0.056011000000000026,7.0,5.34
1085,5.0,5.0,0.05632700000000002,7.0,5.36
1086,5.0,5.0,0.05632700000000002,7.0,5.36
1087,5.0,5.0,0.05672200000000003,7.0,5.38
1088,5.0,5.0,0.056880000000000035,7.0,5.39
1089,5.0,5.0,0.057433000000000026,7.0,5.42
1090,5.0,5.0,0.05806500000000003,7.0,5.43
1091,5.0,5.0,0.05830200000000002,7.0,5.44
1092,5.0,5.0,0.05853900000000003,7.0,5.45
1093,5.0,5.0,0.059250000000000025,7.0,5.48
1094,5.0,5.0,0.059250000000000025,7.0,5.48
1095,5.0,5.0,0.05964500000000003,7.0,5.5
1096,5.0,5.0,0.059882000000000025,7.0,5.51
1097,5.0,5.0,0.059882000000000025,7.0,5.51
1098,5.0,5.0,0.060435000000000016,7.0,5.54
1099,5.0,5.0,0.060672000000000025,7.0,5.55
1100,5.0,5.0,0.06114600000000002,7.0,5.57
1101,5.0,5.0,0.06162000000000003,7.0,5.59
1102,5.0,5.0,0.06193600000000002,7.0,5.61
1103,5.0,5.0,0.062094000000000024,7.0,5.62
1104,5.0,5.0,0.062252000000000016,7.0,5.63
1105,5.0,5.0,0.06256800000000001,7.0,5.65
1106,5.0,5.0,0.06288400000000001,7.0,5.67
1107,5.0,5.0,0.06304200000000001,7.0,5.68
1108,5.0,5.01,0.06351500000000002,7.0,5.7
1109,5.0,5.01,0.06351500000000002,7.0,5.7
1110,5.0,5.01,0.06383100000000001,7.0,5.72
1111,5.0,5.02,0.06430400000000001,7.0,5.74
1112,5.0,5.04,0.064934,7.0,5.77
1113,5.0,5.05,0.06517,7.0,5.78
1114,5.0,5.06,0.06540599999999999,7.0,5.79
1115,5.0,5.09,0.06611399999999999,7.0,5.82
1116,5.0,5.11,0.06658599999999999,7.0,5.84
1117,5.0,5.12,0.06682199999999999,7.0,5.85
1118,5.0,5.13,0.067058,7.0,5.86
1119,5.0,5.16,0.06776599999999998,7.0,5.89
1120,5.0,5.18,0.06823799999999998,7.0,5.91
1121,5.0,5.19,0.06847399999999998,7.0,5.92
1122,5.0,5.22,0.069103,7.0,5.94
1123,5.0,5.22,0.069103,7.0,5.94
1124,5.0,5.23,0.069339,7.0,5.95
1125,5.0,5.27,0.07012499999999999,7.0,5.97
1126,5.0,5.27,0.07012499999999999,7.0,5.97
1127,5.0,5.28,0.070282,7.0,5.97
1128,5.0,5.3,0.070675,7.0,5.96
1129,5.0,5.33,0.071225,7.0,5.96
1130,5.0,5.34,0.071382,7.0,5.96
1131,5.0,5.35,0.071618,7.0,5.96
1132,5.0,5.39,0.07224599999999999,7.0,5.96
1133,5.0,5.4,0.07248199999999999,7.0,5.96
1134,5.0,5.4,0.07248199999999999,7.0,5.96
1135,5.0,5.4,0.07248199999999999,7.0,5.96
1136,5.0,5.43,0.07311100000000001,7.0,5.96
1137,5.0,5.46,0.073819,7.0,5.96
1138,5.0,5.5,0.074763,7.0,5.96
1139,5.0,5.53,0.075471,7.0,5.96
1140,5.0,5.54,0.07570699999999998,7.0,5.96
1141,5.0,5.57,0.076415,7.0,5.96
1142,5.0,5.57,0.076415,7.0,5.96
1143,5.0,5.57,0.076415,7.0,5.96
1144,5.0,5.57,0.076415,7.0,5.96
1145,5.0,5.6,0.077044,7.0,5.96
1146,5.0,5.61,0.07728,7.0,5.96
1147,5.0,5.61,0.07728,7.0,5.96
1148,5.0,5.64,0.07790899999999999,7.0,5.96
1149,5.0,5.65,0.078066,7.0,5.96
1150,5.0,5.71,0.07932399999999999,7.0,5.98
1151,5.0,5.71,0.07932399999999999,7.0,5.98
1152,5.0,5.74,0.07987399999999999,7.0,5.98
1153,5.0,5.74,0.07987399999999999,7.0,5.98
1154,5.0,5.75,0.08010999999999999,7.0,5.98
1155,5.0,5.77,0.08058199999999997,7.0,5.98
1156,5.0,5.78,0.08081799999999997,7.0,5.98
1157,5.0,5.78,0.08081799999999997,7.0,5.98
1158,5.0,5.79,0.08105399999999997,7.0,5.98
1159,5.0,5.82,0.08168299999999999,7.0,5.97
1160,5.0,5.83,0.08191899999999999,7.0,5.97
1161,5.0,5.87,0.08286299999999996,7.0,5.97
1162,5.0,5.89,0.08333499999999998,7.0,5.97
1163,5.0,5.89,0.08333499999999998,7.0,5.97
1164,5.0,5.93,0.08427899999999998,7.0,5.97
1165,5.0,5.96,0.08498699999999998,7.0,5.97
1166,5.0,5.96,0.08514499999999998,7.0,5.97
1167,5.0,5.96,0.08514499999999998,7.0,5.97
1168,5.0,5.97,0.08538099999999997,7.0,5.97
1169,5.0,5.98,0.08561699999999997,7.0,5.97
1170,5.0,5.99,0.08601099999999998,7.0,5.96
1171,5.0,6.0,0.08624699999999998,7.0,5.96
1172,5.0,6.0,0.08687899999999997,7.0,5.96
1173,5.0,6.0,0.08687899999999997,7.0,5.96
1174,5.0,6.0,0.08687899999999997,7.0,5.96
1175,5.0,6.0,0.08719499999999997,7.0,5.96
1176,5.0,6.0,0.087906,7.0,5.97
1177,5.0,6.0,0.087906,7.0,5.97
1178,5.0,6.0,0.08838000000000001,7.0,5.99
1179,5.0,6.0,0.088775,7.0,6.0
1180,5.0,6.0,0.088775,7.0,6.0
1181,5.0,6.0,0.08948600000000001,7.0,6.03
1182,5.0,6.0,0.08988100000000002,7.0,6.04
1183,5.0,6.0,0.090118,7.0,6.05
1184,5.0,6.0,0.090118,7.0,6.05
1185,5.0,6.0,0.090592,7.0,6.07
1186,5.0,6.0,0.090592,7.0,6.07
1187,5.0,6.0,0.09154000000000001,7.0,6.11
1188,5.0,6.0,0.09177700000000001,7.0,6.14
1189,5.0,6.0,0.09240900000000003,7.0,6.17
1190,5.0,6.0,0.09288300000000003,7.0,6.19
1191,5.0,6.0,0.09288300000000003,7.0,6.19
1192,5.01,6.0,0.09335700000000002,7.0,6.21
1193,5.01,6.0,0.09383100000000003,7.0,6.23
1194,5.01,6.0,0.09383100000000003,7.0,6.23
1195,5.01,6.0,0.09422600000000003,7.0,6.25
1196,5.01,6.0,0.09438400000000004,7.0,6.26
1197,5.01,6.0,0.09454200000000004,7.0,6.27
1198,5.01,6.0,0.09493700000000004,7.0,6.29
1199,5.01,6.0,0.09509500000000003,7.0,6.3
1200,5.02,6.0,0.09549000000000003,7.0,6.32
1201,5.04,6.0,0.09596400000000001,7.0,6.34
1202,5.05,6.0,0.09620100000000001,7.0,6.35
1203,5.06,6.0,0.09643800000000001,7.0,6.36
1204,5.06,6.0,0.09643800000000001,7.0,6.36
1205,5.07,6.0,0.09667500000000001,7.0,6.37
1206,5.08,6.0,0.096912,7.0,6.38
1207,5.11,6.0,0.09762300000000002,7.0,6.41
1208,5.11,6.0,0.09762300000000002,7.0,6.41
1209,5.15,6.0,0.09857100000000002,7.0,6.45
1210,5.16,6.0,0.09880800000000002,7.0,6.46
1211,5.18,6.0,0.09928200000000002,7.0,6.48
1212,5.19,6.0,0.09951900000000002,7.0,6.49
1213,5.21,6.0,0.09991400000000002,7.0,6.51
1214,5.22,6.0,0.100151,7.0,6.52
1215,5.22,6.0,0.100151,7.0,6.52
1216,5.24,6.0,0.10062500000000002,7.0,6.51
1217,5.24,6.0,0.10062500000000002,7.0,6.51
1218,5.26,6.0,0.10109900000000001,7.0,6.53
1219,5.29,6.0,0.10173100000000002,7.0,6.56
1220,5.31,6.0,0.10220500000000002,7.02,6.56
1221,5.31,6.0,0.10220500000000002,7.02,6.56
1222,5.31,6.0,0.10220500000000002,7.02,6.56
1223,5.34,6.0,0.102758,7.03,6.58
1224,5.37,6.0,0.10346900000000002,7.05,6.6
1225,5.39,6.0,0.10394300000000001,7.07,6.6
1226,5.41,6.0,0.10441700000000001,7.09,6.6
1227,5.41,6.0,0.10441700000000001,7.09,6.6
1228,5.42,6.0,0.10465399999999998,7.1,6.6
1229,5.43,6.0,0.10489100000000001,7.11,6.6
1230,5.45,6.0,0.105365,7.13,6.6
1231,5.45,6.0,0.105365,7.13,6.6
1232,5.5,6.0,0.10655,7.18,6.6
1233,5.52,6.0,0.10702400000000001,7.2,6.6
1234,5.56,6.0,0.107972,7.24,6.61
1235,5.57,6.0,0.108209,7.25,6.61
1236,5.6,6.0,0.10891999999999999,7.28,6.61
1237,5.61,6.0,0.10915699999999999,7.29,6.61
1238,5.62,6.0,0.10939399999999999,7.3,6.61
1239,5.63,6.0,0.10963099999999999,7.31,6.61
1240,5.65,6.0,0.11010500000000001,7.33,6.61
1241,5.67,6.0,0.11065800000000003,7.35,6.6
1242,5.69,6.0,0.11113200000000005,7.37,6.58
1243,5.72,6.0,0.11192200000000004,7.4,6.56
1244,5.73,6.0,0.11215900000000005,7.41,6.55
1245,5.74,6.0,0.11239600000000005,7.42,6.54
1246,5.74,6.0,0.11239600000000005,7.42,6.54
1247,5.75,6.0,0.11263300000000004,7.43,6.53
1248,5.78,6.0,0.11342300000000005,7.46,6.51
1249,5.82,6.0,0.11429200000000003,7.5,6.47
1250,5.83,6.0,0.11452900000000005,7.51,6.46
1251,5.85,6.0,0.11500300000000006,7.53,6.44
1252,5.89,6.0,0.11595100000000005,7.57,6.4
1253,5.9,6.0,0.11618800000000006,7.58,6.39
1254,5.9,6.0,0.11634600000000005,7.59,6.36
1255,5.9,6.0,0.11634600000000005,7.59,6.36
1256,5.91,6.0,0.11658300000000006,7.6,6.35
1257,5.92,6.0,0.11682000000000006,7.61,6.34
1258,5.97,6.0,0.11800500000000007,7.66,6.29
1259,5.99,6.0,0.11863700000000005,7.69,6.26
1260,5.99,6.0,0.11863700000000005,7.69,6.26
1261,6.0,6.0,0.11958500000000004,7.74,6.22
1262,6.0,6.0,0.11958500000000004,7.74,6.22
1263,6.0,6.0,0.11974300000000003,7.75,6.21
1264,6.0,6.0,0.11974300000000003,7.75,6.21
1265,6.0,6.0,0.11998000000000004,7.76,6.21
1266,6.0,6.0,0.12092800000000004,7.8,6.21
1267,6.0,6.0,0.12187600000000004,7.84,6.21
1268,6.0,6.0,0.12187600000000004,7.84,6.21
1269,6.0,6.0,0.12187600000000004,7.84,6.21
1270,6.0,6.0,0.12235000000000003,7.86,6.21
1271,6.0,6.0,0.12274500000000003,7.88,6.2
1272,6.0,6.0,0.12321900000000002,7.9,6.2
1273,6.0,6.0,0.12345600000000001,7.91,6.2
1274,6.0,6.0,0.12345600000000001,7.91,6.2
1275,6.0,6.0,0.12369300000000003,7.92,6.23
1276,6.0,6.0,0.12464100000000002,7.96,6.23
1277,6.0,6.0,0.124878,7.97,6.23
1278,6.0,6.0,0.124878,7.97,6.23
1279,6.0,6.0,0.125036,7.97,6.24
1280,6.0,6.0,0.125589,7.98,6.26
1281,6.0,6.0,0.125589,7.98,6.26
1282,6.0,6.0,0.126142,7.99,6.28
1283,6.0,6.0,0.12637900000000002,8.0,6.28
1284,6.0,6.0,0.126537,8.0,6.29
1285,6.0,6.0,0.12740600000000002,8.0,6.34
1286,6.0,6.0,0.12740600000000002,8.0,6.34
1287,6.0,6.0,0.12740600000000002,8.0,6.34
1288,6.0,6.0,0.127643,8.0,6.35
1289,6.0,6.0,0.127643,8.0,6.35
1290,6.0,6.0,0.128512,8.0,6.39
1291,6.0,6.0,0.128907,8.0,6.41
1292,6.0,6.0,0.129144,8.0,6.42
1293,6.0,6.0,0.129144,8.0,6.42
1294,6.0,6.0,0.129381,8.0,6.43
1295,6.0,6.0,0.130329,8.0,6.47
1296,6.0,6.0,0.130329,8.0,6.47
1297,6.0,6.0,0.13104,8.0,6.5
1298,6.0,6.0,0.13104,8.0,6.5
1299,6.0,6.0,0.131988,8.0,6.54
1300,6.0,6.0,0.13262,8.0,6.54
1301,6.0,6.0,0.13262,8.0,6.54
1302,6.0,6.0,0.13277799999999998,8.0,6.55
1303,6.0,6.0,0.13277799999999998,8.0,6.55
1304,6.0,6.0,0.133094,8.0,6.57
1305,6.0,6.0,0.13325199999999998,8.0,6.58
1306,6.0,6.0,0.13372599999999998,8.0,6.61
1307,6.0,6.0,0.13419999999999999,8.0,6.64
1308,6.0,6.0,0.13419999999999999,8.0,6.64
1309,6.0,6.0,0.13467400000000002,8.0,6.67
1310,6.0,6.0,0.134832,8.0,6.68
1311,6.0,6.0,0.135306,8.0,6.7
1312,6.0,6.0,0.13562200000000002,8.0,6.72
1313,6.0,6.0,0.13562200000000002,8.0,6.72
1314,6.0,6.0,0.13562200000000002,8.0,6.72
1315,6.0,6.0,0.13664900000000002,8.0,6.77
1316,6.0,6.0,0.13688600000000004,8.0,6.78
1317,6.0,6.0,0.13736000000000004,8.0,6.82
1318,6.0,6.0,0.13759700000000005,8.0,6.83
1319,6.0,6.0,0.13830800000000004,8.0,6.86
1320,6.0,6.0,0.13830800000000004,8.0,6.86
1321,6.0,6.0,0.13854500000000003,8.0,6.87
1322,6.0,6.0,0.13901900000000003,8.0,6.89
1323,6.0,6.0,0.13925600000000002,8.0,6.9
1324,6.0,6.0,0.13949300000000003,8.0,6.91
1325,6.0,6.0,0.13973000000000002,8.0,6.92
1326,6.0,6.0,0.13996700000000004,8.0,6.93
1327,6.0,6.0,0.14036200000000001,8.0,6.91
1328,6.0,6.0,0.14083600000000002,8.0,6.93
1329,6.0,6.0,0.14083600000000002,8.0,6.93
1330,6.0,6.0,0.14099400000000004,8.0,6.93
1331,6.0,6.0,0.141468,8.0,6.92
1332,6.0,6.0,0.1421,8.0,6.92
1333,6.0,6.0,0.142574,8.0,6.92
1334,6.0,6.0,0.142732,8.0,6.92
1335,6.0,6.0,0.143127,8.0,6.93
1336,6.0,6.0,0.143285,8.0,6.93
1337,6.0,6.0,0.143285,8.0,6.93
1338,6.0,6.0,0.14344300000000001,8.0,6.93
1339,6.0,6.0,0.14375899999999997,8.0,6.93
1340,6.0,6.0,0.143917,8.0,6.93
1341,6.0,6.0,0.144233,8.0,6.93
1342,6.0,6.0,0.14454899999999998,8.0,6.93
1343,6.0,6.0,0.144865,8.0,6.93
1344,6.0,6.0,0.14502299999999999,8.0,6.93
1345,6.0,6.0,0.145339,8.0,6.93
1346,6.0,6.0,0.145497,8.0,6.93
1347,6.0,6.0,0.14581299999999997,8.0,6.93
1348,6.0,6.0,0.14597099999999996,8.0,6.93
1349,6.0,6.0,0.14604999999999996,8.0,6.93
1350,6.0,6.0,0.14636599999999997,8.0,6.93
1351,6.0,6.0,0.14660299999999998,8.0,6.93
1352,6.0,6.0,0.14660299999999998,8.0,6.93
1353,6.0,6.0,0.146998,8.0,6.93
1354,6.0,6.0,0.14731399999999997,8.0,6.93
1355,6.0,6.0,0.14747199999999996,8.0,6.93
1356,6.0,6.0,0.147551,8.0,6.93
1357,6.0,6.0,0.14770899999999998,8.0,6.93
1358,6.0,6.0,0.14810399999999999,8.0,6.93
1359,6.0,6.0,0.14826199999999998,8.0,6.93
1360,6.0,6.0,0.14826199999999998,8.0,6.93
1361,6.0,6.0,0.14826199999999998,8.0,6.93
1362,6.0,6.0,0.148341,8.0,6.95
1363,6.0,6.0,0.148341,8.0,6.95
